
==================================================
TIME: 2026-08-19T09:10:08.603Z
METHOD: POST
URL: /api/v1/product
STATUS: 500
MESSAGE: Unknown error

STACK:
No stack trace

ERROR:
{
  "_events": {},
  "_eventsCount": 1,
  "outputData": [],
  "outputSize": 0,
  "writable": true,
  "destroyed": false,
  "_last": false,
  "chunkedEncoding": false,
  "shouldKeepAlive": true,
  "maxRequestsOnConnectionReached": false,
  "_defaultKeepAlive": true,
  "useChunkedEncodingByDefault": true,
  "sendDate": true,
  "_removedConnection": false,
  "_removedContLen": false,
  "_removedTE": false,
  "strictContentLength": false,
  "_contentLength": 40,
  "_hasBody": true,
  "_trailer": "",
  "finished": true,
  "_headerSent": true,
  "_closed": false,
  "_header": "HTTP/1.1 500 Internal Server Error\r\nX-Powered-By: Express\r\nContent-Type: application/json; charset=utf-8\r\nContent-Length: 40\r\nETag: W/\"28-UD3swi0sKu/1t6ofafaKGe59Kes\"\r\nDate: Wed, 19 Aug 2026 09:10:08 GMT\r\nConnection: keep-alive\r\nKeep-Alive: timeout=5\r\n\r\n",
  "_keepAliveTimeout": 5000,
  "req": {
    "_events": {},
    "_eventsCount": 4,
    "destroyed": true,
    "statusCode": null,
    "statusMessage": null
  },
  "_sent100": false,
  "_expect_continue": false,
  "_maxRequestsPerSocket": 0,
  "locals": {},
  "statusCode": 500,
  "statusMessage": "Internal Server Error"
}
==================================================

==================================================
TIME: 2026-08-19T09:10:31.322Z
METHOD: POST
URL: /api/v1/product
STATUS: 500
MESSAGE: Unknown error

STACK:
No stack trace

ERROR:
{
  "_events": {},
  "_eventsCount": 1,
  "outputData": [],
  "outputSize": 0,
  "writable": true,
  "destroyed": false,
  "_last": false,
  "chunkedEncoding": false,
  "shouldKeepAlive": true,
  "maxRequestsOnConnectionReached": false,
  "_defaultKeepAlive": true,
  "useChunkedEncodingByDefault": true,
  "sendDate": true,
  "_removedConnection": false,
  "_removedContLen": false,
  "_removedTE": false,
  "strictContentLength": false,
  "_contentLength": 40,
  "_hasBody": true,
  "_trailer": "",
  "finished": true,
  "_headerSent": true,
  "_closed": false,
  "_header": "HTTP/1.1 500 Internal Server Error\r\nX-Powered-By: Express\r\nContent-Type: application/json; charset=utf-8\r\nContent-Length: 40\r\nETag: W/\"28-UD3swi0sKu/1t6ofafaKGe59Kes\"\r\nDate: Wed, 19 Aug 2026 09:10:31 GMT\r\nConnection: keep-alive\r\nKeep-Alive: timeout=5\r\n\r\n",
  "_keepAliveTimeout": 5000,
  "req": {
    "_events": {},
    "_eventsCount": 4,
    "destroyed": true,
    "statusCode": null,
    "statusMessage": null
  },
  "_sent100": false,
  "_expect_continue": false,
  "_maxRequestsPerSocket": 0,
  "locals": {},
  "statusCode": 500,
  "statusMessage": "Internal Server Error"
}
==================================================

==================================================
TIME: 2026-08-19T09:11:51.818Z
METHOD: POST
URL: /api/v1/product
STATUS: 500
MESSAGE: Unknown error

STACK:
No stack trace

ERROR:
{
  "_events": {},
  "_eventsCount": 1,
  "outputData": [],
  "outputSize": 0,
  "writable": true,
  "destroyed": false,
  "_last": false,
  "chunkedEncoding": false,
  "shouldKeepAlive": true,
  "maxRequestsOnConnectionReached": false,
  "_defaultKeepAlive": true,
  "useChunkedEncodingByDefault": true,
  "sendDate": true,
  "_removedConnection": false,
  "_removedContLen": false,
  "_removedTE": false,
  "strictContentLength": false,
  "_contentLength": 40,
  "_hasBody": true,
  "_trailer": "",
  "finished": true,
  "_headerSent": true,
  "_closed": false,
  "_header": "HTTP/1.1 500 Internal Server Error\r\nX-Powered-By: Express\r\nContent-Type: application/json; charset=utf-8\r\nContent-Length: 40\r\nETag: W/\"28-UD3swi0sKu/1t6ofafaKGe59Kes\"\r\nDate: Wed, 19 Aug 2026 09:11:51 GMT\r\nConnection: keep-alive\r\nKeep-Alive: timeout=5\r\n\r\n",
  "_keepAliveTimeout": 5000,
  "req": {
    "_events": {},
    "_eventsCount": 4,
    "destroyed": true,
    "statusCode": null,
    "statusMessage": null
  },
  "_sent100": false,
  "_expect_continue": false,
  "_maxRequestsPerSocket": 0,
  "locals": {},
  "statusCode": 500,
  "statusMessage": "Internal Server Error"
}
==================================================

==================================================
TIME: 2026-08-19T09:12:08.376Z
METHOD: POST
URL: /api/v1/product
STATUS: 500
MESSAGE: Unknown error

STACK:
No stack trace

ERROR:
{
  "_events": {},
  "_eventsCount": 1,
  "outputData": [],
  "outputSize": 0,
  "writable": true,
  "destroyed": false,
  "_last": false,
  "chunkedEncoding": false,
  "shouldKeepAlive": true,
  "maxRequestsOnConnectionReached": false,
  "_defaultKeepAlive": true,
  "useChunkedEncodingByDefault": true,
  "sendDate": true,
  "_removedConnection": false,
  "_removedContLen": false,
  "_removedTE": false,
  "strictContentLength": false,
  "_contentLength": 40,
  "_hasBody": true,
  "_trailer": "",
  "finished": true,
  "_headerSent": true,
  "_closed": false,
  "_header": "HTTP/1.1 500 Internal Server Error\r\nX-Powered-By: Express\r\nContent-Type: application/json; charset=utf-8\r\nContent-Length: 40\r\nETag: W/\"28-UD3swi0sKu/1t6ofafaKGe59Kes\"\r\nDate: Wed, 19 Aug 2026 09:12:08 GMT\r\nConnection: keep-alive\r\nKeep-Alive: timeout=5\r\n\r\n",
  "_keepAliveTimeout": 5000,
  "req": {
    "_events": {},
    "_eventsCount": 4,
    "destroyed": true,
    "statusCode": null,
    "statusMessage": null
  },
  "_sent100": false,
  "_expect_continue": false,
  "_maxRequestsPerSocket": 0,
  "locals": {},
  "statusCode": 500,
  "statusMessage": "Internal Server Error"
}
==================================================

==================================================
TIME: 2026-08-19T09:22:44.446Z
METHOD: POST
URL: /api/v1/product
STATUS: 500
MESSAGE: Unknown error

STACK:
No stack trace

ERROR:
{
  "_events": {},
  "_eventsCount": 1,
  "outputData": [],
  "outputSize": 0,
  "writable": true,
  "destroyed": false,
  "_last": false,
  "chunkedEncoding": false,
  "shouldKeepAlive": true,
  "maxRequestsOnConnectionReached": false,
  "_defaultKeepAlive": true,
  "useChunkedEncodingByDefault": true,
  "sendDate": true,
  "_removedConnection": false,
  "_removedContLen": false,
  "_removedTE": false,
  "strictContentLength": false,
  "_contentLength": 40,
  "_hasBody": true,
  "_trailer": "",
  "finished": true,
  "_headerSent": true,
  "_closed": false,
  "_header": "HTTP/1.1 500 Internal Server Error\r\nX-Powered-By: Express\r\nContent-Type: application/json; charset=utf-8\r\nContent-Length: 40\r\nETag: W/\"28-UD3swi0sKu/1t6ofafaKGe59Kes\"\r\nDate: Wed, 19 Aug 2026 09:22:44 GMT\r\nConnection: keep-alive\r\nKeep-Alive: timeout=5\r\n\r\n",
  "_keepAliveTimeout": 5000,
  "req": {
    "_events": {},
    "_eventsCount": 4,
    "destroyed": true,
    "statusCode": null,
    "statusMessage": null
  },
  "_sent100": false,
  "_expect_continue": false,
  "_maxRequestsPerSocket": 0,
  "locals": {},
  "statusCode": 500,
  "statusMessage": "Internal Server Error"
}
==================================================

==================================================
TIME: 2026-08-19T09:23:07.506Z
METHOD: POST
URL: /api/v1/product
STATUS: 500
MESSAGE: Unknown error

STACK:
No stack trace

ERROR:
{
  "_events": {},
  "_eventsCount": 1,
  "outputData": [],
  "outputSize": 0,
  "writable": true,
  "destroyed": false,
  "_last": false,
  "chunkedEncoding": false,
  "shouldKeepAlive": true,
  "maxRequestsOnConnectionReached": false,
  "_defaultKeepAlive": true,
  "useChunkedEncodingByDefault": true,
  "sendDate": true,
  "_removedConnection": false,
  "_removedContLen": false,
  "_removedTE": false,
  "strictContentLength": false,
  "_contentLength": 40,
  "_hasBody": true,
  "_trailer": "",
  "finished": true,
  "_headerSent": true,
  "_closed": false,
  "_header": "HTTP/1.1 500 Internal Server Error\r\nX-Powered-By: Express\r\nContent-Type: application/json; charset=utf-8\r\nContent-Length: 40\r\nETag: W/\"28-UD3swi0sKu/1t6ofafaKGe59Kes\"\r\nDate: Wed, 19 Aug 2026 09:23:07 GMT\r\nConnection: keep-alive\r\nKeep-Alive: timeout=5\r\n\r\n",
  "_keepAliveTimeout": 5000,
  "req": {
    "_events": {},
    "_eventsCount": 4,
    "destroyed": true,
    "statusCode": null,
    "statusMessage": null
  },
  "_sent100": false,
  "_expect_continue": false,
  "_maxRequestsPerSocket": 0,
  "locals": {},
  "statusCode": 500,
  "statusMessage": "Internal Server Error"
}
==================================================

==================================================
TIME: 2026-08-19T09:39:02.694Z
METHOD: POST
URL: /api/v1/product
STATUS: 500
MESSAGE: Unknown error

STACK:
No stack trace

ERROR:
{
  "_events": {},
  "_eventsCount": 1,
  "outputData": [],
  "outputSize": 0,
  "writable": true,
  "destroyed": false,
  "_last": false,
  "chunkedEncoding": false,
  "shouldKeepAlive": true,
  "maxRequestsOnConnectionReached": false,
  "_defaultKeepAlive": true,
  "useChunkedEncodingByDefault": true,
  "sendDate": true,
  "_removedConnection": false,
  "_removedContLen": false,
  "_removedTE": false,
  "strictContentLength": false,
  "_contentLength": 40,
  "_hasBody": true,
  "_trailer": "",
  "finished": true,
  "_headerSent": true,
  "_closed": false,
  "_header": "HTTP/1.1 500 Internal Server Error\r\nX-Powered-By: Express\r\nContent-Type: application/json; charset=utf-8\r\nContent-Length: 40\r\nETag: W/\"28-UD3swi0sKu/1t6ofafaKGe59Kes\"\r\nDate: Wed, 19 Aug 2026 09:39:02 GMT\r\nConnection: keep-alive\r\nKeep-Alive: timeout=5\r\n\r\n",
  "_keepAliveTimeout": 5000,
  "req": {
    "_events": {},
    "_eventsCount": 4,
    "destroyed": true,
    "statusCode": null,
    "statusMessage": null
  },
  "_sent100": false,
  "_expect_continue": false,
  "_maxRequestsPerSocket": 0,
  "locals": {},
  "statusCode": 500,
  "statusMessage": "Internal Server Error"
}
==================================================

==================================================
TIME: 2026-08-19T09:49:34.219Z
METHOD: POST
URL: /api/v1/product
STATUS: 500
MESSAGE: Unknown error

STACK:
No stack trace

ERROR:
{
  "_events": {},
  "_eventsCount": 1,
  "outputData": [],
  "outputSize": 0,
  "writable": true,
  "destroyed": false,
  "_last": false,
  "chunkedEncoding": false,
  "shouldKeepAlive": true,
  "maxRequestsOnConnectionReached": false,
  "_defaultKeepAlive": true,
  "useChunkedEncodingByDefault": true,
  "sendDate": true,
  "_removedConnection": false,
  "_removedContLen": false,
  "_removedTE": false,
  "strictContentLength": false,
  "_contentLength": 40,
  "_hasBody": true,
  "_trailer": "",
  "finished": true,
  "_headerSent": true,
  "_closed": false,
  "_header": "HTTP/1.1 500 Internal Server Error\r\nX-Powered-By: Express\r\nContent-Type: application/json; charset=utf-8\r\nContent-Length: 40\r\nETag: W/\"28-UD3swi0sKu/1t6ofafaKGe59Kes\"\r\nDate: Wed, 19 Aug 2026 09:49:34 GMT\r\nConnection: keep-alive\r\nKeep-Alive: timeout=5\r\n\r\n",
  "_keepAliveTimeout": 5000,
  "req": {
    "_events": {},
    "_eventsCount": 4,
    "destroyed": true,
    "statusCode": null,
    "statusMessage": null
  },
  "_sent100": false,
  "_expect_continue": false,
  "_maxRequestsPerSocket": 0,
  "locals": {},
  "statusCode": 500,
  "statusMessage": "Internal Server Error"
}
==================================================

==================================================
TIME: 2026-08-19T10:27:41.394Z
METHOD: POST
URL: /api/v1/product
STATUS: 500
MESSAGE: Unknown error

STACK:
No stack trace

ERROR:
{
  "_events": {},
  "_eventsCount": 1,
  "outputData": [],
  "outputSize": 0,
  "writable": true,
  "destroyed": false,
  "_last": false,
  "chunkedEncoding": false,
  "shouldKeepAlive": true,
  "maxRequestsOnConnectionReached": false,
  "_defaultKeepAlive": true,
  "useChunkedEncodingByDefault": true,
  "sendDate": true,
  "_removedConnection": false,
  "_removedContLen": false,
  "_removedTE": false,
  "strictContentLength": false,
  "_contentLength": 40,
  "_hasBody": true,
  "_trailer": "",
  "finished": true,
  "_headerSent": true,
  "_closed": false,
  "_header": "HTTP/1.1 500 Internal Server Error\r\nX-Powered-By: Express\r\nContent-Type: application/json; charset=utf-8\r\nContent-Length: 40\r\nETag: W/\"28-UD3swi0sKu/1t6ofafaKGe59Kes\"\r\nDate: Wed, 19 Aug 2026 10:27:41 GMT\r\nConnection: keep-alive\r\nKeep-Alive: timeout=5\r\n\r\n",
  "_keepAliveTimeout": 5000,
  "req": {
    "_events": {},
    "_eventsCount": 4,
    "destroyed": true,
    "statusCode": null,
    "statusMessage": null
  },
  "_sent100": false,
  "_expect_continue": false,
  "_maxRequestsPerSocket": 0,
  "locals": {},
  "statusCode": 500,
  "statusMessage": "Internal Server Error"
}
==================================================

==================================================
TIME: 2026-08-19T10:33:40.447Z
METHOD: POST
URL: /api/v1/product
STATUS: 500
MESSAGE: Unknown error

STACK:
No stack trace

ERROR:
{
  "_events": {},
  "_eventsCount": 1,
  "outputData": [],
  "outputSize": 0,
  "writable": true,
  "destroyed": false,
  "_last": false,
  "chunkedEncoding": false,
  "shouldKeepAlive": true,
  "maxRequestsOnConnectionReached": false,
  "_defaultKeepAlive": true,
  "useChunkedEncodingByDefault": true,
  "sendDate": true,
  "_removedConnection": false,
  "_removedContLen": false,
  "_removedTE": false,
  "strictContentLength": false,
  "_contentLength": 40,
  "_hasBody": true,
  "_trailer": "",
  "finished": true,
  "_headerSent": true,
  "_closed": false,
  "_header": "HTTP/1.1 500 Internal Server Error\r\nX-Powered-By: Express\r\nContent-Type: application/json; charset=utf-8\r\nContent-Length: 40\r\nETag: W/\"28-UD3swi0sKu/1t6ofafaKGe59Kes\"\r\nDate: Wed, 19 Aug 2026 10:33:40 GMT\r\nConnection: keep-alive\r\nKeep-Alive: timeout=5\r\n\r\n",
  "_keepAliveTimeout": 5000,
  "req": {
    "_events": {},
    "_eventsCount": 4,
    "destroyed": true,
    "statusCode": null,
    "statusMessage": null
  },
  "_sent100": false,
  "_expect_continue": false,
  "_maxRequestsPerSocket": 0,
  "locals": {},
  "statusCode": 500,
  "statusMessage": "Internal Server Error"
}
==================================================

==================================================
TIME: 2026-08-19T10:34:19.653Z
METHOD: POST
URL: /api/v1/product
STATUS: 500
MESSAGE: Unknown error

STACK:
No stack trace

ERROR:
{
  "_events": {},
  "_eventsCount": 1,
  "outputData": [],
  "outputSize": 0,
  "writable": true,
  "destroyed": false,
  "_last": false,
  "chunkedEncoding": false,
  "shouldKeepAlive": true,
  "maxRequestsOnConnectionReached": false,
  "_defaultKeepAlive": true,
  "useChunkedEncodingByDefault": true,
  "sendDate": true,
  "_removedConnection": false,
  "_removedContLen": false,
  "_removedTE": false,
  "strictContentLength": false,
  "_contentLength": 40,
  "_hasBody": true,
  "_trailer": "",
  "finished": true,
  "_headerSent": true,
  "_closed": false,
  "_header": "HTTP/1.1 500 Internal Server Error\r\nX-Powered-By: Express\r\nContent-Type: application/json; charset=utf-8\r\nContent-Length: 40\r\nETag: W/\"28-UD3swi0sKu/1t6ofafaKGe59Kes\"\r\nDate: Wed, 19 Aug 2026 10:34:19 GMT\r\nConnection: keep-alive\r\nKeep-Alive: timeout=5\r\n\r\n",
  "_keepAliveTimeout": 5000,
  "req": {
    "_events": {},
    "_eventsCount": 4,
    "destroyed": true,
    "statusCode": null,
    "statusMessage": null
  },
  "_sent100": false,
  "_expect_continue": false,
  "_maxRequestsPerSocket": 0,
  "locals": {},
  "statusCode": 500,
  "statusMessage": "Internal Server Error"
}
==================================================

==================================================
TIME: 2026-08-19T10:36:54.263Z
METHOD: POST
URL: /api/v1/product
STATUS: 500
MESSAGE: Unknown error

STACK:
No stack trace

ERROR:
{
  "_events": {},
  "_eventsCount": 1,
  "outputData": [],
  "outputSize": 0,
  "writable": true,
  "destroyed": false,
  "_last": false,
  "chunkedEncoding": false,
  "shouldKeepAlive": true,
  "maxRequestsOnConnectionReached": false,
  "_defaultKeepAlive": true,
  "useChunkedEncodingByDefault": true,
  "sendDate": true,
  "_removedConnection": false,
  "_removedContLen": false,
  "_removedTE": false,
  "strictContentLength": false,
  "_contentLength": 40,
  "_hasBody": true,
  "_trailer": "",
  "finished": true,
  "_headerSent": true,
  "_closed": false,
  "_header": "HTTP/1.1 500 Internal Server Error\r\nX-Powered-By: Express\r\nContent-Type: application/json; charset=utf-8\r\nContent-Length: 40\r\nETag: W/\"28-UD3swi0sKu/1t6ofafaKGe59Kes\"\r\nDate: Wed, 19 Aug 2026 10:36:54 GMT\r\nConnection: keep-alive\r\nKeep-Alive: timeout=5\r\n\r\n",
  "_keepAliveTimeout": 5000,
  "req": {
    "_events": {},
    "_eventsCount": 4,
    "destroyed": true,
    "statusCode": null,
    "statusMessage": null
  },
  "_sent100": false,
  "_expect_continue": false,
  "_maxRequestsPerSocket": 0,
  "locals": {},
  "statusCode": 500,
  "statusMessage": "Internal Server Error"
}
==================================================

==================================================
TIME: 2026-08-19T11:05:07.372Z
METHOD: POST
URL: /api/v1/product
STATUS: 409
MESSAGE: Unknown error

STACK:
No stack trace

ERROR:
{
  "_events": {},
  "_eventsCount": 1,
  "outputData": [],
  "outputSize": 0,
  "writable": true,
  "destroyed": false,
  "_last": false,
  "chunkedEncoding": false,
  "shouldKeepAlive": true,
  "maxRequestsOnConnectionReached": false,
  "_defaultKeepAlive": true,
  "useChunkedEncodingByDefault": true,
  "sendDate": true,
  "_removedConnection": false,
  "_removedContLen": false,
  "_removedTE": false,
  "strictContentLength": false,
  "_contentLength": 49,
  "_hasBody": true,
  "_trailer": "",
  "finished": true,
  "_headerSent": true,
  "_closed": false,
  "_header": "HTTP/1.1 409 Conflict\r\nX-Powered-By: Express\r\nContent-Type: application/json; charset=utf-8\r\nContent-Length: 49\r\nETag: W/\"31-Oe68JYghPt0liS67R3mQm5jc0es\"\r\nDate: Wed, 19 Aug 2026 11:05:07 GMT\r\nConnection: keep-alive\r\nKeep-Alive: timeout=5\r\n\r\n",
  "_keepAliveTimeout": 5000,
  "req": {
    "_events": {},
    "_eventsCount": 4,
    "destroyed": true,
    "statusCode": null,
    "statusMessage": null
  },
  "_sent100": false,
  "_expect_continue": false,
  "_maxRequestsPerSocket": 0,
  "locals": {},
  "statusCode": 409,
  "statusMessage": "Conflict"
}
==================================================

==================================================
TIME: 2026-08-20T08:21:05.650Z
METHOD: GET
URL: /api/v1/customer/branch/Online-001/products
STATUS: 500
MESSAGE: Unknown error

STACK:
No stack trace

ERROR:
{
  "_events": {},
  "_eventsCount": 1,
  "outputData": [],
  "outputSize": 0,
  "writable": true,
  "destroyed": true,
  "_last": false,
  "chunkedEncoding": false,
  "shouldKeepAlive": true,
  "maxRequestsOnConnectionReached": false,
  "_defaultKeepAlive": true,
  "useChunkedEncodingByDefault": true,
  "sendDate": true,
  "_removedConnection": false,
  "_removedContLen": false,
  "_removedTE": false,
  "strictContentLength": false,
  "_contentLength": null,
  "_hasBody": true,
  "_trailer": "",
  "finished": true,
  "_headerSent": false,
  "_closed": true,
  "_header": null,
  "_keepAliveTimeout": 5000,
  "req": {
    "_events": {},
    "_eventsCount": 0,
    "destroyed": true,
    "statusCode": null
  },
  "_sent100": false,
  "_expect_continue": false,
  "_maxRequestsPerSocket": 0,
  "locals": {},
  "statusCode": 500
}
==================================================

==================================================
TIME: 2026-08-20T09:18:13.625Z
METHOD: POST
URL: /api/v1/customer
STATUS: 400
MESSAGE: Unknown error

STACK:
No stack trace

ERROR:
{
  "_events": {},
  "_eventsCount": 1,
  "outputData": [],
  "outputSize": 0,
  "writable": true,
  "destroyed": false,
  "_last": false,
  "chunkedEncoding": false,
  "shouldKeepAlive": true,
  "maxRequestsOnConnectionReached": false,
  "_defaultKeepAlive": true,
  "useChunkedEncodingByDefault": true,
  "sendDate": true,
  "_removedConnection": false,
  "_removedContLen": false,
  "_removedTE": false,
  "strictContentLength": false,
  "_contentLength": 63,
  "_hasBody": true,
  "_trailer": "",
  "finished": true,
  "_headerSent": true,
  "_closed": false,
  "_header": "HTTP/1.1 400 Bad Request\r\nX-Powered-By: Express\r\nContent-Type: application/json; charset=utf-8\r\nContent-Length: 63\r\nETag: W/\"3f-NZsBj9knHjY7SCvU0oUXeyvCllQ\"\r\nDate: Thu, 20 Aug 2026 09:18:13 GMT\r\nConnection: keep-alive\r\nKeep-Alive: timeout=5\r\n\r\n",
  "_keepAliveTimeout": 5000,
  "req": {
    "_events": {},
    "_eventsCount": 0,
    "destroyed": true,
    "statusCode": null,
    "statusMessage": null
  },
  "_sent100": false,
  "_expect_continue": false,
  "_maxRequestsPerSocket": 0,
  "locals": {},
  "statusCode": 400,
  "statusMessage": "Bad Request"
}
==================================================

==================================================
TIME: 2026-08-20T09:19:21.731Z
METHOD: POST
URL: /api/v1/customer
STATUS: 400
MESSAGE: Unknown error

STACK:
No stack trace

ERROR:
{
  "_events": {},
  "_eventsCount": 1,
  "outputData": [],
  "outputSize": 0,
  "writable": true,
  "destroyed": false,
  "_last": false,
  "chunkedEncoding": false,
  "shouldKeepAlive": true,
  "maxRequestsOnConnectionReached": false,
  "_defaultKeepAlive": true,
  "useChunkedEncodingByDefault": true,
  "sendDate": true,
  "_removedConnection": false,
  "_removedContLen": false,
  "_removedTE": false,
  "strictContentLength": false,
  "_contentLength": 63,
  "_hasBody": true,
  "_trailer": "",
  "finished": true,
  "_headerSent": true,
  "_closed": false,
  "_header": "HTTP/1.1 400 Bad Request\r\nX-Powered-By: Express\r\nContent-Type: application/json; charset=utf-8\r\nContent-Length: 63\r\nETag: W/\"3f-NZsBj9knHjY7SCvU0oUXeyvCllQ\"\r\nDate: Thu, 20 Aug 2026 09:19:21 GMT\r\nConnection: keep-alive\r\nKeep-Alive: timeout=5\r\n\r\n",
  "_keepAliveTimeout": 5000,
  "req": {
    "_events": {},
    "_eventsCount": 0,
    "destroyed": true,
    "statusCode": null,
    "statusMessage": null
  },
  "_sent100": false,
  "_expect_continue": false,
  "_maxRequestsPerSocket": 0,
  "locals": {},
  "statusCode": 400,
  "statusMessage": "Bad Request"
}
==================================================

==================================================
TIME: 2026-08-20T09:48:48.120Z
METHOD: POST
URL: /api/v1/loginCustomer
STATUS: 401
MESSAGE: Unknown error

STACK:
No stack trace

ERROR:
{
  "_events": {},
  "_eventsCount": 1,
  "outputData": [],
  "outputSize": 0,
  "writable": true,
  "destroyed": false,
  "_last": false,
  "chunkedEncoding": false,
  "shouldKeepAlive": true,
  "maxRequestsOnConnectionReached": false,
  "_defaultKeepAlive": true,
  "useChunkedEncodingByDefault": true,
  "sendDate": true,
  "_removedConnection": false,
  "_removedContLen": false,
  "_removedTE": false,
  "strictContentLength": false,
  "_contentLength": 62,
  "_hasBody": true,
  "_trailer": "",
  "finished": true,
  "_headerSent": true,
  "_closed": false,
  "_header": "HTTP/1.1 401 Unauthorized\r\nX-Powered-By: Express\r\nContent-Type: application/json; charset=utf-8\r\nContent-Length: 62\r\nETag: W/\"3e-ISUqlZLAu4gYZDuQYsVW1hycBoM\"\r\nDate: Thu, 20 Aug 2026 09:48:48 GMT\r\nConnection: keep-alive\r\nKeep-Alive: timeout=5\r\n\r\n",
  "_keepAliveTimeout": 5000,
  "req": {
    "_events": {},
    "_eventsCount": 0,
    "destroyed": true,
    "statusCode": null,
    "statusMessage": null
  },
  "_sent100": false,
  "_expect_continue": false,
  "_maxRequestsPerSocket": 0,
  "locals": {},
  "statusCode": 401,
  "statusMessage": "Unauthorized"
}
==================================================

==================================================
TIME: 2026-08-20T09:49:03.851Z
METHOD: POST
URL: /api/v1/loginCustomer
STATUS: 401
MESSAGE: Unknown error

STACK:
No stack trace

ERROR:
{
  "_events": {},
  "_eventsCount": 1,
  "outputData": [],
  "outputSize": 0,
  "writable": true,
  "destroyed": false,
  "_last": false,
  "chunkedEncoding": false,
  "shouldKeepAlive": true,
  "maxRequestsOnConnectionReached": false,
  "_defaultKeepAlive": true,
  "useChunkedEncodingByDefault": true,
  "sendDate": true,
  "_removedConnection": false,
  "_removedContLen": false,
  "_removedTE": false,
  "strictContentLength": false,
  "_contentLength": 62,
  "_hasBody": true,
  "_trailer": "",
  "finished": true,
  "_headerSent": true,
  "_closed": false,
  "_header": "HTTP/1.1 401 Unauthorized\r\nX-Powered-By: Express\r\nContent-Type: application/json; charset=utf-8\r\nContent-Length: 62\r\nETag: W/\"3e-ISUqlZLAu4gYZDuQYsVW1hycBoM\"\r\nDate: Thu, 20 Aug 2026 09:49:03 GMT\r\nConnection: keep-alive\r\nKeep-Alive: timeout=5\r\n\r\n",
  "_keepAliveTimeout": 5000,
  "req": {
    "_events": {},
    "_eventsCount": 0,
    "destroyed": true,
    "statusCode": null,
    "statusMessage": null
  },
  "_sent100": false,
  "_expect_continue": false,
  "_maxRequestsPerSocket": 0,
  "locals": {},
  "statusCode": 401,
  "statusMessage": "Unauthorized"
}
==================================================

==================================================
TIME: 2026-08-20T09:49:28.102Z
METHOD: POST
URL: /api/v1/loginCustomer
STATUS: 401
MESSAGE: Unknown error

STACK:
No stack trace

ERROR:
{
  "_events": {},
  "_eventsCount": 1,
  "outputData": [],
  "outputSize": 0,
  "writable": true,
  "destroyed": false,
  "_last": false,
  "chunkedEncoding": false,
  "shouldKeepAlive": true,
  "maxRequestsOnConnectionReached": false,
  "_defaultKeepAlive": true,
  "useChunkedEncodingByDefault": true,
  "sendDate": true,
  "_removedConnection": false,
  "_removedContLen": false,
  "_removedTE": false,
  "strictContentLength": false,
  "_contentLength": 62,
  "_hasBody": true,
  "_trailer": "",
  "finished": true,
  "_headerSent": true,
  "_closed": false,
  "_header": "HTTP/1.1 401 Unauthorized\r\nX-Powered-By: Express\r\nContent-Type: application/json; charset=utf-8\r\nContent-Length: 62\r\nETag: W/\"3e-ISUqlZLAu4gYZDuQYsVW1hycBoM\"\r\nDate: Thu, 20 Aug 2026 09:49:28 GMT\r\nConnection: keep-alive\r\nKeep-Alive: timeout=5\r\n\r\n",
  "_keepAliveTimeout": 5000,
  "req": {
    "_events": {},
    "_eventsCount": 0,
    "destroyed": true,
    "statusCode": null,
    "statusMessage": null
  },
  "_sent100": false,
  "_expect_continue": false,
  "_maxRequestsPerSocket": 0,
  "locals": {},
  "statusCode": 401,
  "statusMessage": "Unauthorized"
}
==================================================

==================================================
TIME: 2026-08-20T09:53:30.485Z
METHOD: POST
URL: /api/v1/loginCustomer
STATUS: 401
MESSAGE: Unknown error

STACK:
No stack trace

ERROR:
{
  "_events": {},
  "_eventsCount": 1,
  "outputData": [],
  "outputSize": 0,
  "writable": true,
  "destroyed": false,
  "_last": false,
  "chunkedEncoding": false,
  "shouldKeepAlive": true,
  "maxRequestsOnConnectionReached": false,
  "_defaultKeepAlive": true,
  "useChunkedEncodingByDefault": true,
  "sendDate": true,
  "_removedConnection": false,
  "_removedContLen": false,
  "_removedTE": false,
  "strictContentLength": false,
  "_contentLength": 62,
  "_hasBody": true,
  "_trailer": "",
  "finished": true,
  "_headerSent": true,
  "_closed": false,
  "_header": "HTTP/1.1 401 Unauthorized\r\nX-Powered-By: Express\r\nContent-Type: application/json; charset=utf-8\r\nContent-Length: 62\r\nETag: W/\"3e-ISUqlZLAu4gYZDuQYsVW1hycBoM\"\r\nDate: Thu, 20 Aug 2026 09:53:30 GMT\r\nConnection: keep-alive\r\nKeep-Alive: timeout=5\r\n\r\n",
  "_keepAliveTimeout": 5000,
  "req": {
    "_events": {},
    "_eventsCount": 0,
    "destroyed": true,
    "statusCode": null,
    "statusMessage": null
  },
  "_sent100": false,
  "_expect_continue": false,
  "_maxRequestsPerSocket": 0,
  "locals": {},
  "statusCode": 401,
  "statusMessage": "Unauthorized"
}
==================================================

==================================================
TIME: 2026-08-20T09:54:18.793Z
METHOD: POST
URL: /api/v1/loginCustomer
STATUS: 401
MESSAGE: Unknown error

STACK:
No stack trace

ERROR:
{
  "_events": {},
  "_eventsCount": 1,
  "outputData": [],
  "outputSize": 0,
  "writable": true,
  "destroyed": false,
  "_last": false,
  "chunkedEncoding": false,
  "shouldKeepAlive": true,
  "maxRequestsOnConnectionReached": false,
  "_defaultKeepAlive": true,
  "useChunkedEncodingByDefault": true,
  "sendDate": true,
  "_removedConnection": false,
  "_removedContLen": false,
  "_removedTE": false,
  "strictContentLength": false,
  "_contentLength": 62,
  "_hasBody": true,
  "_trailer": "",
  "finished": true,
  "_headerSent": true,
  "_closed": false,
  "_header": "HTTP/1.1 401 Unauthorized\r\nX-Powered-By: Express\r\nContent-Type: application/json; charset=utf-8\r\nContent-Length: 62\r\nETag: W/\"3e-ISUqlZLAu4gYZDuQYsVW1hycBoM\"\r\nDate: Thu, 20 Aug 2026 09:54:18 GMT\r\nConnection: keep-alive\r\nKeep-Alive: timeout=5\r\n\r\n",
  "_keepAliveTimeout": 5000,
  "req": {
    "_events": {},
    "_eventsCount": 0,
    "destroyed": true,
    "statusCode": null,
    "statusMessage": null
  },
  "_sent100": false,
  "_expect_continue": false,
  "_maxRequestsPerSocket": 0,
  "locals": {},
  "statusCode": 401,
  "statusMessage": "Unauthorized"
}
==================================================

==================================================
TIME: 2026-08-20T09:54:37.896Z
METHOD: POST
URL: /api/v1/loginCustomer
STATUS: 401
MESSAGE: Unknown error

STACK:
No stack trace

ERROR:
{
  "_events": {},
  "_eventsCount": 1,
  "outputData": [],
  "outputSize": 0,
  "writable": true,
  "destroyed": false,
  "_last": false,
  "chunkedEncoding": false,
  "shouldKeepAlive": true,
  "maxRequestsOnConnectionReached": false,
  "_defaultKeepAlive": true,
  "useChunkedEncodingByDefault": true,
  "sendDate": true,
  "_removedConnection": false,
  "_removedContLen": false,
  "_removedTE": false,
  "strictContentLength": false,
  "_contentLength": 62,
  "_hasBody": true,
  "_trailer": "",
  "finished": true,
  "_headerSent": true,
  "_closed": false,
  "_header": "HTTP/1.1 401 Unauthorized\r\nX-Powered-By: Express\r\nContent-Type: application/json; charset=utf-8\r\nContent-Length: 62\r\nETag: W/\"3e-ISUqlZLAu4gYZDuQYsVW1hycBoM\"\r\nDate: Thu, 20 Aug 2026 09:54:37 GMT\r\nConnection: keep-alive\r\nKeep-Alive: timeout=5\r\n\r\n",
  "_keepAliveTimeout": 5000,
  "req": {
    "_events": {},
    "_eventsCount": 0,
    "destroyed": true,
    "statusCode": null,
    "statusMessage": null
  },
  "_sent100": false,
  "_expect_continue": false,
  "_maxRequestsPerSocket": 0,
  "locals": {},
  "statusCode": 401,
  "statusMessage": "Unauthorized"
}
==================================================

==================================================
TIME: 2026-08-20T09:55:23.474Z
METHOD: POST
URL: /api/v1/loginCustomer
STATUS: 401
MESSAGE: Unknown error

STACK:
No stack trace

ERROR:
{
  "_events": {},
  "_eventsCount": 1,
  "outputData": [],
  "outputSize": 0,
  "writable": true,
  "destroyed": false,
  "_last": false,
  "chunkedEncoding": false,
  "shouldKeepAlive": true,
  "maxRequestsOnConnectionReached": false,
  "_defaultKeepAlive": true,
  "useChunkedEncodingByDefault": true,
  "sendDate": true,
  "_removedConnection": false,
  "_removedContLen": false,
  "_removedTE": false,
  "strictContentLength": false,
  "_contentLength": 62,
  "_hasBody": true,
  "_trailer": "",
  "finished": true,
  "_headerSent": true,
  "_closed": false,
  "_header": "HTTP/1.1 401 Unauthorized\r\nX-Powered-By: Express\r\nContent-Type: application/json; charset=utf-8\r\nContent-Length: 62\r\nETag: W/\"3e-ISUqlZLAu4gYZDuQYsVW1hycBoM\"\r\nDate: Thu, 20 Aug 2026 09:55:23 GMT\r\nConnection: keep-alive\r\nKeep-Alive: timeout=5\r\n\r\n",
  "_keepAliveTimeout": 5000,
  "req": {
    "_events": {},
    "_eventsCount": 0,
    "destroyed": true,
    "statusCode": null,
    "statusMessage": null
  },
  "_sent100": false,
  "_expect_continue": false,
  "_maxRequestsPerSocket": 0,
  "locals": {},
  "statusCode": 401,
  "statusMessage": "Unauthorized"
}
==================================================

==================================================
TIME: 2026-08-20T09:56:01.266Z
METHOD: POST
URL: /api/v1/loginCustomer
STATUS: 401
MESSAGE: Unknown error

STACK:
No stack trace

ERROR:
{
  "_events": {},
  "_eventsCount": 1,
  "outputData": [],
  "outputSize": 0,
  "writable": true,
  "destroyed": false,
  "_last": false,
  "chunkedEncoding": false,
  "shouldKeepAlive": true,
  "maxRequestsOnConnectionReached": false,
  "_defaultKeepAlive": true,
  "useChunkedEncodingByDefault": true,
  "sendDate": true,
  "_removedConnection": false,
  "_removedContLen": false,
  "_removedTE": false,
  "strictContentLength": false,
  "_contentLength": 62,
  "_hasBody": true,
  "_trailer": "",
  "finished": true,
  "_headerSent": true,
  "_closed": false,
  "_header": "HTTP/1.1 401 Unauthorized\r\nX-Powered-By: Express\r\nContent-Type: application/json; charset=utf-8\r\nContent-Length: 62\r\nETag: W/\"3e-ISUqlZLAu4gYZDuQYsVW1hycBoM\"\r\nDate: Thu, 20 Aug 2026 09:56:01 GMT\r\nConnection: keep-alive\r\nKeep-Alive: timeout=5\r\n\r\n",
  "_keepAliveTimeout": 5000,
  "req": {
    "_events": {},
    "_eventsCount": 0,
    "destroyed": true,
    "statusCode": null,
    "statusMessage": null
  },
  "_sent100": false,
  "_expect_continue": false,
  "_maxRequestsPerSocket": 0,
  "locals": {},
  "statusCode": 401,
  "statusMessage": "Unauthorized"
}
==================================================

==================================================
TIME: 2026-08-20T09:58:20.144Z
METHOD: POST
URL: /api/v1/loginCustomer
STATUS: 401
MESSAGE: Unknown error

STACK:
No stack trace

ERROR:
{
  "_events": {},
  "_eventsCount": 1,
  "outputData": [],
  "outputSize": 0,
  "writable": true,
  "destroyed": false,
  "_last": false,
  "chunkedEncoding": false,
  "shouldKeepAlive": true,
  "maxRequestsOnConnectionReached": false,
  "_defaultKeepAlive": true,
  "useChunkedEncodingByDefault": true,
  "sendDate": true,
  "_removedConnection": false,
  "_removedContLen": false,
  "_removedTE": false,
  "strictContentLength": false,
  "_contentLength": 62,
  "_hasBody": true,
  "_trailer": "",
  "finished": true,
  "_headerSent": true,
  "_closed": false,
  "_header": "HTTP/1.1 401 Unauthorized\r\nX-Powered-By: Express\r\nContent-Type: application/json; charset=utf-8\r\nContent-Length: 62\r\nETag: W/\"3e-ISUqlZLAu4gYZDuQYsVW1hycBoM\"\r\nDate: Thu, 20 Aug 2026 09:58:20 GMT\r\nConnection: keep-alive\r\nKeep-Alive: timeout=5\r\n\r\n",
  "_keepAliveTimeout": 5000,
  "req": {
    "_events": {},
    "_eventsCount": 0,
    "destroyed": true,
    "statusCode": null,
    "statusMessage": null
  },
  "_sent100": false,
  "_expect_continue": false,
  "_maxRequestsPerSocket": 0,
  "locals": {},
  "statusCode": 401,
  "statusMessage": "Unauthorized"
}
==================================================

==================================================
TIME: 2026-08-20T10:01:29.728Z
METHOD: POST
URL: /api/v1/loginCustomer
STATUS: 401
MESSAGE: Unknown error

STACK:
No stack trace

ERROR:
{
  "_events": {},
  "_eventsCount": 1,
  "outputData": [],
  "outputSize": 0,
  "writable": true,
  "destroyed": false,
  "_last": false,
  "chunkedEncoding": false,
  "shouldKeepAlive": true,
  "maxRequestsOnConnectionReached": false,
  "_defaultKeepAlive": true,
  "useChunkedEncodingByDefault": true,
  "sendDate": true,
  "_removedConnection": false,
  "_removedContLen": false,
  "_removedTE": false,
  "strictContentLength": false,
  "_contentLength": 62,
  "_hasBody": true,
  "_trailer": "",
  "finished": true,
  "_headerSent": true,
  "_closed": false,
  "_header": "HTTP/1.1 401 Unauthorized\r\nX-Powered-By: Express\r\nContent-Type: application/json; charset=utf-8\r\nContent-Length: 62\r\nETag: W/\"3e-ISUqlZLAu4gYZDuQYsVW1hycBoM\"\r\nDate: Thu, 20 Aug 2026 10:01:29 GMT\r\nConnection: keep-alive\r\nKeep-Alive: timeout=5\r\n\r\n",
  "_keepAliveTimeout": 5000,
  "req": {
    "_events": {},
    "_eventsCount": 0,
    "destroyed": true,
    "statusCode": null,
    "statusMessage": null
  },
  "_sent100": false,
  "_expect_continue": false,
  "_maxRequestsPerSocket": 0,
  "locals": {},
  "statusCode": 401,
  "statusMessage": "Unauthorized"
}
==================================================

==================================================
TIME: 2026-08-20T10:16:39.578Z
METHOD: GET
URL: /api/v1/customer/branch/Online-001/products
STATUS: 401
MESSAGE: Unknown error

STACK:
No stack trace

ERROR:
{
  "_events": {},
  "_eventsCount": 1,
  "outputData": [],
  "outputSize": 0,
  "writable": true,
  "destroyed": false,
  "_last": false,
  "chunkedEncoding": false,
  "shouldKeepAlive": true,
  "maxRequestsOnConnectionReached": false,
  "_defaultKeepAlive": true,
  "useChunkedEncodingByDefault": true,
  "sendDate": true,
  "_removedConnection": false,
  "_removedContLen": false,
  "_removedTE": false,
  "strictContentLength": false,
  "_contentLength": 51,
  "_hasBody": true,
  "_trailer": "",
  "finished": true,
  "_headerSent": true,
  "_closed": false,
  "_header": "HTTP/1.1 401 Unauthorized\r\nX-Powered-By: Express\r\nContent-Type: application/json; charset=utf-8\r\nContent-Length: 51\r\nETag: W/\"33-939ZpLsoEl9a5B79nTrOjv8uWNo\"\r\nDate: Thu, 20 Aug 2026 10:16:39 GMT\r\nConnection: keep-alive\r\nKeep-Alive: timeout=5\r\n\r\n",
  "_keepAliveTimeout": 5000,
  "req": {
    "_events": {},
    "_eventsCount": 0,
    "destroyed": false,
    "statusCode": null,
    "statusMessage": null
  },
  "_sent100": false,
  "_expect_continue": false,
  "_maxRequestsPerSocket": 0,
  "locals": {},
  "statusCode": 401,
  "statusMessage": "Unauthorized"
}
==================================================

==================================================
TIME: 2026-08-20T10:17:00.224Z
METHOD: POST
URL: /api/v1/customer
STATUS: 409
MESSAGE: Unknown error

STACK:
No stack trace

ERROR:
{
  "_events": {},
  "_eventsCount": 1,
  "outputData": [],
  "outputSize": 0,
  "writable": true,
  "destroyed": false,
  "_last": false,
  "chunkedEncoding": false,
  "shouldKeepAlive": true,
  "maxRequestsOnConnectionReached": false,
  "_defaultKeepAlive": true,
  "useChunkedEncodingByDefault": true,
  "sendDate": true,
  "_removedConnection": false,
  "_removedContLen": false,
  "_removedTE": false,
  "strictContentLength": false,
  "_contentLength": 57,
  "_hasBody": true,
  "_trailer": "",
  "finished": true,
  "_headerSent": true,
  "_closed": false,
  "_header": "HTTP/1.1 409 Conflict\r\nX-Powered-By: Express\r\nContent-Type: application/json; charset=utf-8\r\nContent-Length: 57\r\nETag: W/\"39-iq9rkc8mBs4cWi9X0QNULze64WM\"\r\nDate: Thu, 20 Aug 2026 10:17:00 GMT\r\nConnection: keep-alive\r\nKeep-Alive: timeout=5\r\n\r\n",
  "_keepAliveTimeout": 5000,
  "req": {
    "_events": {},
    "_eventsCount": 0,
    "destroyed": true,
    "statusCode": null,
    "statusMessage": null
  },
  "_sent100": false,
  "_expect_continue": false,
  "_maxRequestsPerSocket": 0,
  "locals": {},
  "statusCode": 409,
  "statusMessage": "Conflict"
}
==================================================

==================================================
TIME: 2026-08-20T10:17:43.544Z
METHOD: POST
URL: /api/v1/customer
STATUS: 409
MESSAGE: Unknown error

STACK:
No stack trace

ERROR:
{
  "_events": {},
  "_eventsCount": 1,
  "outputData": [],
  "outputSize": 0,
  "writable": true,
  "destroyed": false,
  "_last": false,
  "chunkedEncoding": false,
  "shouldKeepAlive": true,
  "maxRequestsOnConnectionReached": false,
  "_defaultKeepAlive": true,
  "useChunkedEncodingByDefault": true,
  "sendDate": true,
  "_removedConnection": false,
  "_removedContLen": false,
  "_removedTE": false,
  "strictContentLength": false,
  "_contentLength": 57,
  "_hasBody": true,
  "_trailer": "",
  "finished": true,
  "_headerSent": true,
  "_closed": false,
  "_header": "HTTP/1.1 409 Conflict\r\nX-Powered-By: Express\r\nContent-Type: application/json; charset=utf-8\r\nContent-Length: 57\r\nETag: W/\"39-iq9rkc8mBs4cWi9X0QNULze64WM\"\r\nDate: Thu, 20 Aug 2026 10:17:43 GMT\r\nConnection: keep-alive\r\nKeep-Alive: timeout=5\r\n\r\n",
  "_keepAliveTimeout": 5000,
  "req": {
    "_events": {},
    "_eventsCount": 0,
    "destroyed": true,
    "statusCode": null,
    "statusMessage": null
  },
  "_sent100": false,
  "_expect_continue": false,
  "_maxRequestsPerSocket": 0,
  "locals": {},
  "statusCode": 409,
  "statusMessage": "Conflict"
}
==================================================

==================================================
TIME: 2026-08-20T10:18:17.162Z
METHOD: POST
URL: /api/v1/customer
STATUS: 409
MESSAGE: Unknown error

STACK:
No stack trace

ERROR:
{
  "_events": {},
  "_eventsCount": 1,
  "outputData": [],
  "outputSize": 0,
  "writable": true,
  "destroyed": false,
  "_last": false,
  "chunkedEncoding": false,
  "shouldKeepAlive": true,
  "maxRequestsOnConnectionReached": false,
  "_defaultKeepAlive": true,
  "useChunkedEncodingByDefault": true,
  "sendDate": true,
  "_removedConnection": false,
  "_removedContLen": false,
  "_removedTE": false,
  "strictContentLength": false,
  "_contentLength": 57,
  "_hasBody": true,
  "_trailer": "",
  "finished": true,
  "_headerSent": true,
  "_closed": false,
  "_header": "HTTP/1.1 409 Conflict\r\nX-Powered-By: Express\r\nContent-Type: application/json; charset=utf-8\r\nContent-Length: 57\r\nETag: W/\"39-iq9rkc8mBs4cWi9X0QNULze64WM\"\r\nDate: Thu, 20 Aug 2026 10:18:17 GMT\r\nConnection: keep-alive\r\nKeep-Alive: timeout=5\r\n\r\n",
  "_keepAliveTimeout": 5000,
  "req": {
    "_events": {},
    "_eventsCount": 0,
    "destroyed": true,
    "statusCode": null,
    "statusMessage": null
  },
  "_sent100": false,
  "_expect_continue": false,
  "_maxRequestsPerSocket": 0,
  "locals": {},
  "statusCode": 409,
  "statusMessage": "Conflict"
}
==================================================

==================================================
TIME: 2026-08-21T09:01:04.506Z
METHOD: PATCH
URL: /api/v1/customer
STATUS: 401
MESSAGE: Unknown error

STACK:
No stack trace

ERROR:
{
  "_events": {},
  "_eventsCount": 1,
  "outputData": [],
  "outputSize": 0,
  "writable": true,
  "destroyed": false,
  "_last": false,
  "chunkedEncoding": false,
  "shouldKeepAlive": true,
  "maxRequestsOnConnectionReached": false,
  "_defaultKeepAlive": true,
  "useChunkedEncodingByDefault": true,
  "sendDate": true,
  "_removedConnection": false,
  "_removedContLen": false,
  "_removedTE": false,
  "strictContentLength": false,
  "_contentLength": 62,
  "_hasBody": true,
  "_trailer": "",
  "finished": true,
  "_headerSent": true,
  "_closed": false,
  "_header": "HTTP/1.1 401 Unauthorized\r\nX-Powered-By: Express\r\nContent-Type: application/json; charset=utf-8\r\nContent-Length: 62\r\nETag: W/\"3e-Bg6yxSA9KqdU8Jmk9mTaqTlN96s\"\r\nDate: Fri, 21 Aug 2026 09:01:04 GMT\r\nConnection: keep-alive\r\nKeep-Alive: timeout=5\r\n\r\n",
  "_keepAliveTimeout": 5000,
  "req": {
    "_events": {},
    "_eventsCount": 0,
    "destroyed": false,
    "statusCode": null,
    "statusMessage": null
  },
  "_sent100": false,
  "_expect_continue": false,
  "_maxRequestsPerSocket": 0,
  "locals": {},
  "statusCode": 401,
  "statusMessage": "Unauthorized"
}
==================================================

==================================================
TIME: 2026-08-21T09:01:41.056Z
METHOD: PATCH
URL: /api/v1/customer
STATUS: 401
MESSAGE: Unknown error

STACK:
No stack trace

ERROR:
{
  "_events": {},
  "_eventsCount": 1,
  "outputData": [],
  "outputSize": 0,
  "writable": true,
  "destroyed": false,
  "_last": false,
  "chunkedEncoding": false,
  "shouldKeepAlive": true,
  "maxRequestsOnConnectionReached": false,
  "_defaultKeepAlive": true,
  "useChunkedEncodingByDefault": true,
  "sendDate": true,
  "_removedConnection": false,
  "_removedContLen": false,
  "_removedTE": false,
  "strictContentLength": false,
  "_contentLength": 62,
  "_hasBody": true,
  "_trailer": "",
  "finished": true,
  "_headerSent": true,
  "_closed": false,
  "_header": "HTTP/1.1 401 Unauthorized\r\nX-Powered-By: Express\r\nContent-Type: application/json; charset=utf-8\r\nContent-Length: 62\r\nETag: W/\"3e-Bg6yxSA9KqdU8Jmk9mTaqTlN96s\"\r\nDate: Fri, 21 Aug 2026 09:01:41 GMT\r\nConnection: keep-alive\r\nKeep-Alive: timeout=5\r\n\r\n",
  "_keepAliveTimeout": 5000,
  "req": {
    "_events": {},
    "_eventsCount": 0,
    "destroyed": false,
    "statusCode": null,
    "statusMessage": null
  },
  "_sent100": false,
  "_expect_continue": false,
  "_maxRequestsPerSocket": 0,
  "locals": {},
  "statusCode": 401,
  "statusMessage": "Unauthorized"
}
==================================================

==================================================
TIME: 2026-08-21T09:09:55.551Z
METHOD: PATCH
URL: /api/v1/customer
STATUS: 500
MESSAGE: Unknown error

STACK:
No stack trace

ERROR:
{
  "_events": {},
  "_eventsCount": 1,
  "outputData": [],
  "outputSize": 0,
  "writable": true,
  "destroyed": false,
  "_last": false,
  "chunkedEncoding": false,
  "shouldKeepAlive": true,
  "maxRequestsOnConnectionReached": false,
  "_defaultKeepAlive": true,
  "useChunkedEncodingByDefault": true,
  "sendDate": true,
  "_removedConnection": false,
  "_removedContLen": false,
  "_removedTE": false,
  "strictContentLength": false,
  "_contentLength": 72,
  "_hasBody": true,
  "_trailer": "",
  "finished": true,
  "_headerSent": true,
  "_closed": false,
  "_header": "HTTP/1.1 500 Internal Server Error\r\nX-Powered-By: Express\r\nContent-Type: application/json; charset=utf-8\r\nContent-Length: 72\r\nETag: W/\"48-yCxTPEbcPhDWfZQpolVJ3vcR4wQ\"\r\nDate: Fri, 21 Aug 2026 09:09:55 GMT\r\nConnection: keep-alive\r\nKeep-Alive: timeout=5\r\n\r\n",
  "_keepAliveTimeout": 5000,
  "req": {
    "_events": {},
    "_eventsCount": 0,
    "destroyed": false,
    "statusCode": null,
    "statusMessage": null
  },
  "_sent100": false,
  "_expect_continue": false,
  "_maxRequestsPerSocket": 0,
  "locals": {},
  "statusCode": 500,
  "statusMessage": "Internal Server Error"
}
==================================================

==================================================
TIME: 2026-08-21T09:16:58.600Z
METHOD: PATCH
URL: /api/v1/customer
STATUS: 500
MESSAGE: Unknown error

STACK:
No stack trace

ERROR:
{
  "_events": {},
  "_eventsCount": 1,
  "outputData": [],
  "outputSize": 0,
  "writable": true,
  "destroyed": false,
  "_last": false,
  "chunkedEncoding": false,
  "shouldKeepAlive": true,
  "maxRequestsOnConnectionReached": false,
  "_defaultKeepAlive": true,
  "useChunkedEncodingByDefault": true,
  "sendDate": true,
  "_removedConnection": false,
  "_removedContLen": false,
  "_removedTE": false,
  "strictContentLength": false,
  "_contentLength": 57,
  "_hasBody": true,
  "_trailer": "",
  "finished": true,
  "_headerSent": true,
  "_closed": false,
  "_header": "HTTP/1.1 500 Internal Server Error\r\nX-Powered-By: Express\r\nContent-Type: application/json; charset=utf-8\r\nContent-Length: 57\r\nETag: W/\"39-8lAbp39JZ2c64pHtc9ukbUFKG7g\"\r\nDate: Fri, 21 Aug 2026 09:16:58 GMT\r\nConnection: keep-alive\r\nKeep-Alive: timeout=5\r\n\r\n",
  "_keepAliveTimeout": 5000,
  "req": {
    "_events": {},
    "_eventsCount": 4,
    "destroyed": true,
    "statusCode": null,
    "statusMessage": null
  },
  "_sent100": false,
  "_expect_continue": false,
  "_maxRequestsPerSocket": 0,
  "locals": {},
  "statusCode": 500,
  "statusMessage": "Internal Server Error"
}
==================================================

==================================================
TIME: 2026-08-21T09:17:34.482Z
METHOD: POST
URL: /api/v1/loginCustomer
STATUS: 401
MESSAGE: Unknown error

STACK:
No stack trace

ERROR:
{
  "_events": {},
  "_eventsCount": 1,
  "outputData": [],
  "outputSize": 0,
  "writable": true,
  "destroyed": false,
  "_last": false,
  "chunkedEncoding": false,
  "shouldKeepAlive": true,
  "maxRequestsOnConnectionReached": false,
  "_defaultKeepAlive": true,
  "useChunkedEncodingByDefault": true,
  "sendDate": true,
  "_removedConnection": false,
  "_removedContLen": false,
  "_removedTE": false,
  "strictContentLength": false,
  "_contentLength": 62,
  "_hasBody": true,
  "_trailer": "",
  "finished": true,
  "_headerSent": true,
  "_closed": false,
  "_header": "HTTP/1.1 401 Unauthorized\r\nX-Powered-By: Express\r\nContent-Type: application/json; charset=utf-8\r\nContent-Length: 62\r\nETag: W/\"3e-ISUqlZLAu4gYZDuQYsVW1hycBoM\"\r\nDate: Fri, 21 Aug 2026 09:17:34 GMT\r\nConnection: keep-alive\r\nKeep-Alive: timeout=5\r\n\r\n",
  "_keepAliveTimeout": 5000,
  "req": {
    "_events": {},
    "_eventsCount": 0,
    "destroyed": true,
    "statusCode": null,
    "statusMessage": null
  },
  "_sent100": false,
  "_expect_continue": false,
  "_maxRequestsPerSocket": 0,
  "locals": {},
  "statusCode": 401,
  "statusMessage": "Unauthorized"
}
==================================================

==================================================
TIME: 2026-08-21T09:17:42.658Z
METHOD: POST
URL: /api/v1/loginCustomer
STATUS: 401
MESSAGE: Unknown error

STACK:
No stack trace

ERROR:
{
  "_events": {},
  "_eventsCount": 1,
  "outputData": [],
  "outputSize": 0,
  "writable": true,
  "destroyed": false,
  "_last": false,
  "chunkedEncoding": false,
  "shouldKeepAlive": true,
  "maxRequestsOnConnectionReached": false,
  "_defaultKeepAlive": true,
  "useChunkedEncodingByDefault": true,
  "sendDate": true,
  "_removedConnection": false,
  "_removedContLen": false,
  "_removedTE": false,
  "strictContentLength": false,
  "_contentLength": 62,
  "_hasBody": true,
  "_trailer": "",
  "finished": true,
  "_headerSent": true,
  "_closed": false,
  "_header": "HTTP/1.1 401 Unauthorized\r\nX-Powered-By: Express\r\nContent-Type: application/json; charset=utf-8\r\nContent-Length: 62\r\nETag: W/\"3e-ISUqlZLAu4gYZDuQYsVW1hycBoM\"\r\nDate: Fri, 21 Aug 2026 09:17:42 GMT\r\nConnection: keep-alive\r\nKeep-Alive: timeout=5\r\n\r\n",
  "_keepAliveTimeout": 5000,
  "req": {
    "_events": {},
    "_eventsCount": 0,
    "destroyed": true,
    "statusCode": null,
    "statusMessage": null
  },
  "_sent100": false,
  "_expect_continue": false,
  "_maxRequestsPerSocket": 0,
  "locals": {},
  "statusCode": 401,
  "statusMessage": "Unauthorized"
}
==================================================

==================================================
TIME: 2026-08-21T09:17:45.888Z
METHOD: POST
URL: /api/v1/loginCustomer
STATUS: 401
MESSAGE: Unknown error

STACK:
No stack trace

ERROR:
{
  "_events": {},
  "_eventsCount": 1,
  "outputData": [],
  "outputSize": 0,
  "writable": true,
  "destroyed": false,
  "_last": false,
  "chunkedEncoding": false,
  "shouldKeepAlive": true,
  "maxRequestsOnConnectionReached": false,
  "_defaultKeepAlive": true,
  "useChunkedEncodingByDefault": true,
  "sendDate": true,
  "_removedConnection": false,
  "_removedContLen": false,
  "_removedTE": false,
  "strictContentLength": false,
  "_contentLength": 62,
  "_hasBody": true,
  "_trailer": "",
  "finished": true,
  "_headerSent": true,
  "_closed": false,
  "_header": "HTTP/1.1 401 Unauthorized\r\nX-Powered-By: Express\r\nContent-Type: application/json; charset=utf-8\r\nContent-Length: 62\r\nETag: W/\"3e-ISUqlZLAu4gYZDuQYsVW1hycBoM\"\r\nDate: Fri, 21 Aug 2026 09:17:45 GMT\r\nConnection: keep-alive\r\nKeep-Alive: timeout=5\r\n\r\n",
  "_keepAliveTimeout": 5000,
  "req": {
    "_events": {},
    "_eventsCount": 0,
    "destroyed": true,
    "statusCode": null,
    "statusMessage": null
  },
  "_sent100": false,
  "_expect_continue": false,
  "_maxRequestsPerSocket": 0,
  "locals": {},
  "statusCode": 401,
  "statusMessage": "Unauthorized"
}
==================================================

==================================================
TIME: 2026-08-21T09:18:23.876Z
METHOD: POST
URL: /api/v1/loginCustomer
STATUS: 401
MESSAGE: Unknown error

STACK:
No stack trace

ERROR:
{
  "_events": {},
  "_eventsCount": 1,
  "outputData": [],
  "outputSize": 0,
  "writable": true,
  "destroyed": false,
  "_last": false,
  "chunkedEncoding": false,
  "shouldKeepAlive": true,
  "maxRequestsOnConnectionReached": false,
  "_defaultKeepAlive": true,
  "useChunkedEncodingByDefault": true,
  "sendDate": true,
  "_removedConnection": false,
  "_removedContLen": false,
  "_removedTE": false,
  "strictContentLength": false,
  "_contentLength": 62,
  "_hasBody": true,
  "_trailer": "",
  "finished": true,
  "_headerSent": true,
  "_closed": false,
  "_header": "HTTP/1.1 401 Unauthorized\r\nX-Powered-By: Express\r\nContent-Type: application/json; charset=utf-8\r\nContent-Length: 62\r\nETag: W/\"3e-ISUqlZLAu4gYZDuQYsVW1hycBoM\"\r\nDate: Fri, 21 Aug 2026 09:18:23 GMT\r\nConnection: keep-alive\r\nKeep-Alive: timeout=5\r\n\r\n",
  "_keepAliveTimeout": 5000,
  "req": {
    "_events": {},
    "_eventsCount": 0,
    "destroyed": true,
    "statusCode": null,
    "statusMessage": null
  },
  "_sent100": false,
  "_expect_continue": false,
  "_maxRequestsPerSocket": 0,
  "locals": {},
  "statusCode": 401,
  "statusMessage": "Unauthorized"
}
==================================================

==================================================
TIME: 2026-08-21T09:21:56.456Z
METHOD: PATCH
URL: /api/v1/customer
STATUS: 500
MESSAGE: Unknown error

STACK:
No stack trace

ERROR:
{
  "_events": {},
  "_eventsCount": 1,
  "outputData": [],
  "outputSize": 0,
  "writable": true,
  "destroyed": false,
  "_last": false,
  "chunkedEncoding": false,
  "shouldKeepAlive": true,
  "maxRequestsOnConnectionReached": false,
  "_defaultKeepAlive": true,
  "useChunkedEncodingByDefault": true,
  "sendDate": true,
  "_removedConnection": false,
  "_removedContLen": false,
  "_removedTE": false,
  "strictContentLength": false,
  "_contentLength": 59,
  "_hasBody": true,
  "_trailer": "",
  "finished": true,
  "_headerSent": true,
  "_closed": false,
  "_header": "HTTP/1.1 500 Internal Server Error\r\nX-Powered-By: Express\r\nContent-Type: application/json; charset=utf-8\r\nContent-Length: 59\r\nETag: W/\"3b-yMmgRDbBzm9GcgE6CB74aeXu8S8\"\r\nDate: Fri, 21 Aug 2026 09:21:56 GMT\r\nConnection: keep-alive\r\nKeep-Alive: timeout=5\r\n\r\n",
  "_keepAliveTimeout": 5000,
  "req": {
    "_events": {},
    "_eventsCount": 4,
    "destroyed": true,
    "statusCode": null,
    "statusMessage": null
  },
  "_sent100": false,
  "_expect_continue": false,
  "_maxRequestsPerSocket": 0,
  "locals": {},
  "statusCode": 500,
  "statusMessage": "Internal Server Error"
}
==================================================

==================================================
TIME: 2026-08-21T09:22:20.597Z
METHOD: PATCH
URL: /api/v1/customer
STATUS: 500
MESSAGE: Unknown error

STACK:
No stack trace

ERROR:
{
  "_events": {},
  "_eventsCount": 1,
  "outputData": [],
  "outputSize": 0,
  "writable": true,
  "destroyed": false,
  "_last": false,
  "chunkedEncoding": false,
  "shouldKeepAlive": true,
  "maxRequestsOnConnectionReached": false,
  "_defaultKeepAlive": true,
  "useChunkedEncodingByDefault": true,
  "sendDate": true,
  "_removedConnection": false,
  "_removedContLen": false,
  "_removedTE": false,
  "strictContentLength": false,
  "_contentLength": 62,
  "_hasBody": true,
  "_trailer": "",
  "finished": true,
  "_headerSent": true,
  "_closed": false,
  "_header": "HTTP/1.1 500 Internal Server Error\r\nX-Powered-By: Express\r\nContent-Type: application/json; charset=utf-8\r\nContent-Length: 62\r\nETag: W/\"3e-6dpNBtdrpeAEhNs1QygHFgTXn0g\"\r\nDate: Fri, 21 Aug 2026 09:22:20 GMT\r\nConnection: keep-alive\r\nKeep-Alive: timeout=5\r\n\r\n",
  "_keepAliveTimeout": 5000,
  "req": {
    "_events": {},
    "_eventsCount": 4,
    "destroyed": true,
    "statusCode": null,
    "statusMessage": null
  },
  "_sent100": false,
  "_expect_continue": false,
  "_maxRequestsPerSocket": 0,
  "locals": {},
  "statusCode": 500,
  "statusMessage": "Internal Server Error"
}
==================================================

==================================================
TIME: 2026-08-21T09:22:52.004Z
METHOD: POST
URL: /api/v1/loginCustomer
STATUS: 401
MESSAGE: Unknown error

STACK:
No stack trace

ERROR:
{
  "_events": {},
  "_eventsCount": 1,
  "outputData": [],
  "outputSize": 0,
  "writable": true,
  "destroyed": false,
  "_last": false,
  "chunkedEncoding": false,
  "shouldKeepAlive": true,
  "maxRequestsOnConnectionReached": false,
  "_defaultKeepAlive": true,
  "useChunkedEncodingByDefault": true,
  "sendDate": true,
  "_removedConnection": false,
  "_removedContLen": false,
  "_removedTE": false,
  "strictContentLength": false,
  "_contentLength": 62,
  "_hasBody": true,
  "_trailer": "",
  "finished": true,
  "_headerSent": true,
  "_closed": false,
  "_header": "HTTP/1.1 401 Unauthorized\r\nX-Powered-By: Express\r\nContent-Type: application/json; charset=utf-8\r\nContent-Length: 62\r\nETag: W/\"3e-ISUqlZLAu4gYZDuQYsVW1hycBoM\"\r\nDate: Fri, 21 Aug 2026 09:22:52 GMT\r\nConnection: keep-alive\r\nKeep-Alive: timeout=5\r\n\r\n",
  "_keepAliveTimeout": 5000,
  "req": {
    "_events": {},
    "_eventsCount": 0,
    "destroyed": true,
    "statusCode": null,
    "statusMessage": null
  },
  "_sent100": false,
  "_expect_continue": false,
  "_maxRequestsPerSocket": 0,
  "locals": {},
  "statusCode": 401,
  "statusMessage": "Unauthorized"
}
==================================================

==================================================
TIME: 2026-08-21T09:23:22.443Z
METHOD: PATCH
URL: /api/v1/customer
STATUS: 400
MESSAGE: Unknown error

STACK:
No stack trace

ERROR:
{
  "_events": {},
  "_eventsCount": 1,
  "outputData": [],
  "outputSize": 0,
  "writable": true,
  "destroyed": false,
  "_last": false,
  "chunkedEncoding": false,
  "shouldKeepAlive": true,
  "maxRequestsOnConnectionReached": false,
  "_defaultKeepAlive": true,
  "useChunkedEncodingByDefault": true,
  "sendDate": true,
  "_removedConnection": false,
  "_removedContLen": false,
  "_removedTE": false,
  "strictContentLength": false,
  "_contentLength": 59,
  "_hasBody": true,
  "_trailer": "",
  "finished": true,
  "_headerSent": true,
  "_closed": false,
  "_header": "HTTP/1.1 400 Bad Request\r\nX-Powered-By: Express\r\nContent-Type: application/json; charset=utf-8\r\nContent-Length: 59\r\nETag: W/\"3b-HOhb7Vcy0pf61lMO2bJh/MWEBo8\"\r\nDate: Fri, 21 Aug 2026 09:23:22 GMT\r\nConnection: keep-alive\r\nKeep-Alive: timeout=5\r\n\r\n",
  "_keepAliveTimeout": 5000,
  "req": {
    "_events": {},
    "_eventsCount": 4,
    "destroyed": true,
    "statusCode": null,
    "statusMessage": null
  },
  "_sent100": false,
  "_expect_continue": false,
  "_maxRequestsPerSocket": 0,
  "locals": {},
  "statusCode": 400,
  "statusMessage": "Bad Request"
}
==================================================

==================================================
TIME: 2026-08-21T09:23:36.193Z
METHOD: PATCH
URL: /api/v1/customer
STATUS: 400
MESSAGE: Unknown error

STACK:
No stack trace

ERROR:
{
  "_events": {},
  "_eventsCount": 1,
  "outputData": [],
  "outputSize": 0,
  "writable": true,
  "destroyed": false,
  "_last": false,
  "chunkedEncoding": false,
  "shouldKeepAlive": true,
  "maxRequestsOnConnectionReached": false,
  "_defaultKeepAlive": true,
  "useChunkedEncodingByDefault": true,
  "sendDate": true,
  "_removedConnection": false,
  "_removedContLen": false,
  "_removedTE": false,
  "strictContentLength": false,
  "_contentLength": 59,
  "_hasBody": true,
  "_trailer": "",
  "finished": true,
  "_headerSent": true,
  "_closed": false,
  "_header": "HTTP/1.1 400 Bad Request\r\nX-Powered-By: Express\r\nContent-Type: application/json; charset=utf-8\r\nContent-Length: 59\r\nETag: W/\"3b-HOhb7Vcy0pf61lMO2bJh/MWEBo8\"\r\nDate: Fri, 21 Aug 2026 09:23:36 GMT\r\nConnection: keep-alive\r\nKeep-Alive: timeout=5\r\n\r\n",
  "_keepAliveTimeout": 5000,
  "req": {
    "_events": {},
    "_eventsCount": 4,
    "destroyed": true,
    "statusCode": null,
    "statusMessage": null
  },
  "_sent100": false,
  "_expect_continue": false,
  "_maxRequestsPerSocket": 0,
  "locals": {},
  "statusCode": 400,
  "statusMessage": "Bad Request"
}
==================================================

==================================================
TIME: 2026-08-21T09:24:11.214Z
METHOD: PATCH
URL: /api/v1/customer
STATUS: 400
MESSAGE: Unknown error

STACK:
No stack trace

ERROR:
{
  "_events": {},
  "_eventsCount": 1,
  "outputData": [],
  "outputSize": 0,
  "writable": true,
  "destroyed": false,
  "_last": false,
  "chunkedEncoding": false,
  "shouldKeepAlive": true,
  "maxRequestsOnConnectionReached": false,
  "_defaultKeepAlive": true,
  "useChunkedEncodingByDefault": true,
  "sendDate": true,
  "_removedConnection": false,
  "_removedContLen": false,
  "_removedTE": false,
  "strictContentLength": false,
  "_contentLength": 59,
  "_hasBody": true,
  "_trailer": "",
  "finished": true,
  "_headerSent": true,
  "_closed": false,
  "_header": "HTTP/1.1 400 Bad Request\r\nX-Powered-By: Express\r\nContent-Type: application/json; charset=utf-8\r\nContent-Length: 59\r\nETag: W/\"3b-HOhb7Vcy0pf61lMO2bJh/MWEBo8\"\r\nDate: Fri, 21 Aug 2026 09:24:11 GMT\r\nConnection: keep-alive\r\nKeep-Alive: timeout=5\r\n\r\n",
  "_keepAliveTimeout": 5000,
  "req": {
    "_events": {},
    "_eventsCount": 4,
    "destroyed": true,
    "statusCode": null,
    "statusMessage": null
  },
  "_sent100": false,
  "_expect_continue": false,
  "_maxRequestsPerSocket": 0,
  "locals": {},
  "statusCode": 400,
  "statusMessage": "Bad Request"
}
==================================================

==================================================
TIME: 2026-08-21T09:24:57.752Z
METHOD: PATCH
URL: /api/v1/customer
STATUS: 400
MESSAGE: Unknown error

STACK:
No stack trace

ERROR:
{
  "_events": {},
  "_eventsCount": 1,
  "outputData": [],
  "outputSize": 0,
  "writable": true,
  "destroyed": false,
  "_last": false,
  "chunkedEncoding": false,
  "shouldKeepAlive": true,
  "maxRequestsOnConnectionReached": false,
  "_defaultKeepAlive": true,
  "useChunkedEncodingByDefault": true,
  "sendDate": true,
  "_removedConnection": false,
  "_removedContLen": false,
  "_removedTE": false,
  "strictContentLength": false,
  "_contentLength": 59,
  "_hasBody": true,
  "_trailer": "",
  "finished": true,
  "_headerSent": true,
  "_closed": false,
  "_header": "HTTP/1.1 400 Bad Request\r\nX-Powered-By: Express\r\nContent-Type: application/json; charset=utf-8\r\nContent-Length: 59\r\nETag: W/\"3b-HOhb7Vcy0pf61lMO2bJh/MWEBo8\"\r\nDate: Fri, 21 Aug 2026 09:24:57 GMT\r\nConnection: keep-alive\r\nKeep-Alive: timeout=5\r\n\r\n",
  "_keepAliveTimeout": 5000,
  "req": {
    "_events": {},
    "_eventsCount": 4,
    "destroyed": true,
    "statusCode": null,
    "statusMessage": null
  },
  "_sent100": false,
  "_expect_continue": false,
  "_maxRequestsPerSocket": 0,
  "locals": {},
  "statusCode": 400,
  "statusMessage": "Bad Request"
}
==================================================

==================================================
TIME: 2026-08-21T09:25:18.815Z
METHOD: PATCH
URL: /api/v1/customer
STATUS: 400
MESSAGE: Unknown error

STACK:
No stack trace

ERROR:
{
  "_events": {},
  "_eventsCount": 1,
  "outputData": [],
  "outputSize": 0,
  "writable": true,
  "destroyed": false,
  "_last": false,
  "chunkedEncoding": false,
  "shouldKeepAlive": true,
  "maxRequestsOnConnectionReached": false,
  "_defaultKeepAlive": true,
  "useChunkedEncodingByDefault": true,
  "sendDate": true,
  "_removedConnection": false,
  "_removedContLen": false,
  "_removedTE": false,
  "strictContentLength": false,
  "_contentLength": 59,
  "_hasBody": true,
  "_trailer": "",
  "finished": true,
  "_headerSent": true,
  "_closed": false,
  "_header": "HTTP/1.1 400 Bad Request\r\nX-Powered-By: Express\r\nContent-Type: application/json; charset=utf-8\r\nContent-Length: 59\r\nETag: W/\"3b-HOhb7Vcy0pf61lMO2bJh/MWEBo8\"\r\nDate: Fri, 21 Aug 2026 09:25:18 GMT\r\nConnection: keep-alive\r\nKeep-Alive: timeout=5\r\n\r\n",
  "_keepAliveTimeout": 5000,
  "req": {
    "_events": {},
    "_eventsCount": 4,
    "destroyed": true,
    "statusCode": null,
    "statusMessage": null
  },
  "_sent100": false,
  "_expect_continue": false,
  "_maxRequestsPerSocket": 0,
  "locals": {},
  "statusCode": 400,
  "statusMessage": "Bad Request"
}
==================================================

==================================================
TIME: 2026-08-21T09:26:02.246Z
METHOD: PATCH
URL: /api/v1/customer
STATUS: 400
MESSAGE: Unknown error

STACK:
No stack trace

ERROR:
{
  "_events": {},
  "_eventsCount": 1,
  "outputData": [],
  "outputSize": 0,
  "writable": true,
  "destroyed": false,
  "_last": false,
  "chunkedEncoding": false,
  "shouldKeepAlive": true,
  "maxRequestsOnConnectionReached": false,
  "_defaultKeepAlive": true,
  "useChunkedEncodingByDefault": true,
  "sendDate": true,
  "_removedConnection": false,
  "_removedContLen": false,
  "_removedTE": false,
  "strictContentLength": false,
  "_contentLength": 59,
  "_hasBody": true,
  "_trailer": "",
  "finished": true,
  "_headerSent": true,
  "_closed": false,
  "_header": "HTTP/1.1 400 Bad Request\r\nX-Powered-By: Express\r\nContent-Type: application/json; charset=utf-8\r\nContent-Length: 59\r\nETag: W/\"3b-HOhb7Vcy0pf61lMO2bJh/MWEBo8\"\r\nDate: Fri, 21 Aug 2026 09:26:02 GMT\r\nConnection: keep-alive\r\nKeep-Alive: timeout=5\r\n\r\n",
  "_keepAliveTimeout": 5000,
  "req": {
    "_events": {},
    "_eventsCount": 4,
    "destroyed": true,
    "statusCode": null,
    "statusMessage": null
  },
  "_sent100": false,
  "_expect_continue": false,
  "_maxRequestsPerSocket": 0,
  "locals": {},
  "statusCode": 400,
  "statusMessage": "Bad Request"
}
==================================================

==================================================
TIME: 2026-08-21T09:27:10.886Z
METHOD: PATCH
URL: /api/v1/customer
STATUS: 400
MESSAGE: Unknown error

STACK:
No stack trace

ERROR:
{
  "_events": {},
  "_eventsCount": 1,
  "outputData": [],
  "outputSize": 0,
  "writable": true,
  "destroyed": false,
  "_last": false,
  "chunkedEncoding": false,
  "shouldKeepAlive": true,
  "maxRequestsOnConnectionReached": false,
  "_defaultKeepAlive": true,
  "useChunkedEncodingByDefault": true,
  "sendDate": true,
  "_removedConnection": false,
  "_removedContLen": false,
  "_removedTE": false,
  "strictContentLength": false,
  "_contentLength": 59,
  "_hasBody": true,
  "_trailer": "",
  "finished": true,
  "_headerSent": true,
  "_closed": false,
  "_header": "HTTP/1.1 400 Bad Request\r\nX-Powered-By: Express\r\nContent-Type: application/json; charset=utf-8\r\nContent-Length: 59\r\nETag: W/\"3b-HOhb7Vcy0pf61lMO2bJh/MWEBo8\"\r\nDate: Fri, 21 Aug 2026 09:27:10 GMT\r\nConnection: keep-alive\r\nKeep-Alive: timeout=5\r\n\r\n",
  "_keepAliveTimeout": 5000,
  "req": {
    "_events": {},
    "_eventsCount": 4,
    "destroyed": true,
    "statusCode": null,
    "statusMessage": null
  },
  "_sent100": false,
  "_expect_continue": false,
  "_maxRequestsPerSocket": 0,
  "locals": {},
  "statusCode": 400,
  "statusMessage": "Bad Request"
}
==================================================

==================================================
TIME: 2026-08-21T09:29:14.364Z
METHOD: POST
URL: /api/v1/loginCustomer
STATUS: 401
MESSAGE: Unknown error

STACK:
No stack trace

ERROR:
{
  "_events": {},
  "_eventsCount": 1,
  "outputData": [],
  "outputSize": 0,
  "writable": true,
  "destroyed": false,
  "_last": false,
  "chunkedEncoding": false,
  "shouldKeepAlive": true,
  "maxRequestsOnConnectionReached": false,
  "_defaultKeepAlive": true,
  "useChunkedEncodingByDefault": true,
  "sendDate": true,
  "_removedConnection": false,
  "_removedContLen": false,
  "_removedTE": false,
  "strictContentLength": false,
  "_contentLength": 62,
  "_hasBody": true,
  "_trailer": "",
  "finished": true,
  "_headerSent": true,
  "_closed": false,
  "_header": "HTTP/1.1 401 Unauthorized\r\nX-Powered-By: Express\r\nContent-Type: application/json; charset=utf-8\r\nContent-Length: 62\r\nETag: W/\"3e-ISUqlZLAu4gYZDuQYsVW1hycBoM\"\r\nDate: Fri, 21 Aug 2026 09:29:14 GMT\r\nConnection: keep-alive\r\nKeep-Alive: timeout=5\r\n\r\n",
  "_keepAliveTimeout": 5000,
  "req": {
    "_events": {},
    "_eventsCount": 0,
    "destroyed": true,
    "statusCode": null,
    "statusMessage": null
  },
  "_sent100": false,
  "_expect_continue": false,
  "_maxRequestsPerSocket": 0,
  "locals": {},
  "statusCode": 401,
  "statusMessage": "Unauthorized"
}
==================================================

==================================================
TIME: 2026-08-21T09:30:37.544Z
METHOD: POST
URL: /api/v1/loginCustomer
STATUS: 401
MESSAGE: Unknown error

STACK:
No stack trace

ERROR:
{
  "_events": {},
  "_eventsCount": 1,
  "outputData": [],
  "outputSize": 0,
  "writable": true,
  "destroyed": false,
  "_last": false,
  "chunkedEncoding": false,
  "shouldKeepAlive": true,
  "maxRequestsOnConnectionReached": false,
  "_defaultKeepAlive": true,
  "useChunkedEncodingByDefault": true,
  "sendDate": true,
  "_removedConnection": false,
  "_removedContLen": false,
  "_removedTE": false,
  "strictContentLength": false,
  "_contentLength": 62,
  "_hasBody": true,
  "_trailer": "",
  "finished": true,
  "_headerSent": true,
  "_closed": false,
  "_header": "HTTP/1.1 401 Unauthorized\r\nX-Powered-By: Express\r\nContent-Type: application/json; charset=utf-8\r\nContent-Length: 62\r\nETag: W/\"3e-ISUqlZLAu4gYZDuQYsVW1hycBoM\"\r\nDate: Fri, 21 Aug 2026 09:30:37 GMT\r\nConnection: keep-alive\r\nKeep-Alive: timeout=5\r\n\r\n",
  "_keepAliveTimeout": 5000,
  "req": {
    "_events": {},
    "_eventsCount": 0,
    "destroyed": true,
    "statusCode": null,
    "statusMessage": null
  },
  "_sent100": false,
  "_expect_continue": false,
  "_maxRequestsPerSocket": 0,
  "locals": {},
  "statusCode": 401,
  "statusMessage": "Unauthorized"
}
==================================================

==================================================
TIME: 2026-08-21T09:30:41.184Z
METHOD: POST
URL: /api/v1/loginCustomer
STATUS: 401
MESSAGE: Unknown error

STACK:
No stack trace

ERROR:
{
  "_events": {},
  "_eventsCount": 1,
  "outputData": [],
  "outputSize": 0,
  "writable": true,
  "destroyed": false,
  "_last": false,
  "chunkedEncoding": false,
  "shouldKeepAlive": true,
  "maxRequestsOnConnectionReached": false,
  "_defaultKeepAlive": true,
  "useChunkedEncodingByDefault": true,
  "sendDate": true,
  "_removedConnection": false,
  "_removedContLen": false,
  "_removedTE": false,
  "strictContentLength": false,
  "_contentLength": 62,
  "_hasBody": true,
  "_trailer": "",
  "finished": true,
  "_headerSent": true,
  "_closed": false,
  "_header": "HTTP/1.1 401 Unauthorized\r\nX-Powered-By: Express\r\nContent-Type: application/json; charset=utf-8\r\nContent-Length: 62\r\nETag: W/\"3e-ISUqlZLAu4gYZDuQYsVW1hycBoM\"\r\nDate: Fri, 21 Aug 2026 09:30:41 GMT\r\nConnection: keep-alive\r\nKeep-Alive: timeout=5\r\n\r\n",
  "_keepAliveTimeout": 5000,
  "req": {
    "_events": {},
    "_eventsCount": 0,
    "destroyed": true,
    "statusCode": null,
    "statusMessage": null
  },
  "_sent100": false,
  "_expect_continue": false,
  "_maxRequestsPerSocket": 0,
  "locals": {},
  "statusCode": 401,
  "statusMessage": "Unauthorized"
}
==================================================

==================================================
TIME: 2026-08-21T09:33:12.399Z
METHOD: POST
URL: /api/v1/loginCustomer
STATUS: 401
MESSAGE: Unknown error

STACK:
No stack trace

ERROR:
{
  "_events": {},
  "_eventsCount": 1,
  "outputData": [],
  "outputSize": 0,
  "writable": true,
  "destroyed": false,
  "_last": false,
  "chunkedEncoding": false,
  "shouldKeepAlive": true,
  "maxRequestsOnConnectionReached": false,
  "_defaultKeepAlive": true,
  "useChunkedEncodingByDefault": true,
  "sendDate": true,
  "_removedConnection": false,
  "_removedContLen": false,
  "_removedTE": false,
  "strictContentLength": false,
  "_contentLength": 62,
  "_hasBody": true,
  "_trailer": "",
  "finished": true,
  "_headerSent": true,
  "_closed": false,
  "_header": "HTTP/1.1 401 Unauthorized\r\nX-Powered-By: Express\r\nContent-Type: application/json; charset=utf-8\r\nContent-Length: 62\r\nETag: W/\"3e-ISUqlZLAu4gYZDuQYsVW1hycBoM\"\r\nDate: Fri, 21 Aug 2026 09:33:12 GMT\r\nConnection: keep-alive\r\nKeep-Alive: timeout=5\r\n\r\n",
  "_keepAliveTimeout": 5000,
  "req": {
    "_events": {},
    "_eventsCount": 0,
    "destroyed": true,
    "statusCode": null,
    "statusMessage": null
  },
  "_sent100": false,
  "_expect_continue": false,
  "_maxRequestsPerSocket": 0,
  "locals": {},
  "statusCode": 401,
  "statusMessage": "Unauthorized"
}
==================================================

==================================================
TIME: 2026-08-21T09:35:21.296Z
METHOD: POST
URL: /api/v1/loginCustomer
STATUS: 401
MESSAGE: Unknown error

STACK:
No stack trace

ERROR:
{
  "_events": {},
  "_eventsCount": 1,
  "outputData": [],
  "outputSize": 0,
  "writable": true,
  "destroyed": false,
  "_last": false,
  "chunkedEncoding": false,
  "shouldKeepAlive": true,
  "maxRequestsOnConnectionReached": false,
  "_defaultKeepAlive": true,
  "useChunkedEncodingByDefault": true,
  "sendDate": true,
  "_removedConnection": false,
  "_removedContLen": false,
  "_removedTE": false,
  "strictContentLength": false,
  "_contentLength": 62,
  "_hasBody": true,
  "_trailer": "",
  "finished": true,
  "_headerSent": true,
  "_closed": false,
  "_header": "HTTP/1.1 401 Unauthorized\r\nX-Powered-By: Express\r\nContent-Type: application/json; charset=utf-8\r\nContent-Length: 62\r\nETag: W/\"3e-ISUqlZLAu4gYZDuQYsVW1hycBoM\"\r\nDate: Fri, 21 Aug 2026 09:35:21 GMT\r\nConnection: keep-alive\r\nKeep-Alive: timeout=5\r\n\r\n",
  "_keepAliveTimeout": 5000,
  "req": {
    "_events": {},
    "_eventsCount": 0,
    "destroyed": true,
    "statusCode": null,
    "statusMessage": null
  },
  "_sent100": false,
  "_expect_continue": false,
  "_maxRequestsPerSocket": 0,
  "locals": {},
  "statusCode": 401,
  "statusMessage": "Unauthorized"
}
==================================================

==================================================
TIME: 2026-08-21T09:35:26.112Z
METHOD: POST
URL: /api/v1/loginCustomer
STATUS: 401
MESSAGE: Unknown error

STACK:
No stack trace

ERROR:
{
  "_events": {},
  "_eventsCount": 1,
  "outputData": [],
  "outputSize": 0,
  "writable": true,
  "destroyed": false,
  "_last": false,
  "chunkedEncoding": false,
  "shouldKeepAlive": true,
  "maxRequestsOnConnectionReached": false,
  "_defaultKeepAlive": true,
  "useChunkedEncodingByDefault": true,
  "sendDate": true,
  "_removedConnection": false,
  "_removedContLen": false,
  "_removedTE": false,
  "strictContentLength": false,
  "_contentLength": 62,
  "_hasBody": true,
  "_trailer": "",
  "finished": true,
  "_headerSent": true,
  "_closed": false,
  "_header": "HTTP/1.1 401 Unauthorized\r\nX-Powered-By: Express\r\nContent-Type: application/json; charset=utf-8\r\nContent-Length: 62\r\nETag: W/\"3e-ISUqlZLAu4gYZDuQYsVW1hycBoM\"\r\nDate: Fri, 21 Aug 2026 09:35:26 GMT\r\nConnection: keep-alive\r\nKeep-Alive: timeout=5\r\n\r\n",
  "_keepAliveTimeout": 5000,
  "req": {
    "_events": {},
    "_eventsCount": 0,
    "destroyed": true,
    "statusCode": null,
    "statusMessage": null
  },
  "_sent100": false,
  "_expect_continue": false,
  "_maxRequestsPerSocket": 0,
  "locals": {},
  "statusCode": 401,
  "statusMessage": "Unauthorized"
}
==================================================

==================================================
TIME: 2026-08-21T09:37:41.037Z
METHOD: POST
URL: /api/v1/loginCustomer
STATUS: 401
MESSAGE: Unknown error

STACK:
No stack trace

ERROR:
{
  "_events": {},
  "_eventsCount": 1,
  "outputData": [],
  "outputSize": 0,
  "writable": true,
  "destroyed": false,
  "_last": false,
  "chunkedEncoding": false,
  "shouldKeepAlive": true,
  "maxRequestsOnConnectionReached": false,
  "_defaultKeepAlive": true,
  "useChunkedEncodingByDefault": true,
  "sendDate": true,
  "_removedConnection": false,
  "_removedContLen": false,
  "_removedTE": false,
  "strictContentLength": false,
  "_contentLength": 62,
  "_hasBody": true,
  "_trailer": "",
  "finished": true,
  "_headerSent": true,
  "_closed": false,
  "_header": "HTTP/1.1 401 Unauthorized\r\nX-Powered-By: Express\r\nContent-Type: application/json; charset=utf-8\r\nContent-Length: 62\r\nETag: W/\"3e-ISUqlZLAu4gYZDuQYsVW1hycBoM\"\r\nDate: Fri, 21 Aug 2026 09:37:41 GMT\r\nConnection: keep-alive\r\nKeep-Alive: timeout=5\r\n\r\n",
  "_keepAliveTimeout": 5000,
  "req": {
    "_events": {},
    "_eventsCount": 0,
    "destroyed": true,
    "statusCode": null,
    "statusMessage": null
  },
  "_sent100": false,
  "_expect_continue": false,
  "_maxRequestsPerSocket": 0,
  "locals": {},
  "statusCode": 401,
  "statusMessage": "Unauthorized"
}
==================================================

==================================================
TIME: 2026-08-21T09:38:09.819Z
METHOD: POST
URL: /api/v1/loginCustomer
STATUS: 401
MESSAGE: Unknown error

STACK:
No stack trace

ERROR:
{
  "_events": {},
  "_eventsCount": 1,
  "outputData": [],
  "outputSize": 0,
  "writable": true,
  "destroyed": false,
  "_last": false,
  "chunkedEncoding": false,
  "shouldKeepAlive": true,
  "maxRequestsOnConnectionReached": false,
  "_defaultKeepAlive": true,
  "useChunkedEncodingByDefault": true,
  "sendDate": true,
  "_removedConnection": false,
  "_removedContLen": false,
  "_removedTE": false,
  "strictContentLength": false,
  "_contentLength": 62,
  "_hasBody": true,
  "_trailer": "",
  "finished": true,
  "_headerSent": true,
  "_closed": false,
  "_header": "HTTP/1.1 401 Unauthorized\r\nX-Powered-By: Express\r\nContent-Type: application/json; charset=utf-8\r\nContent-Length: 62\r\nETag: W/\"3e-ISUqlZLAu4gYZDuQYsVW1hycBoM\"\r\nDate: Fri, 21 Aug 2026 09:38:09 GMT\r\nConnection: keep-alive\r\nKeep-Alive: timeout=5\r\n\r\n",
  "_keepAliveTimeout": 5000,
  "req": {
    "_events": {},
    "_eventsCount": 0,
    "destroyed": true,
    "statusCode": null,
    "statusMessage": null
  },
  "_sent100": false,
  "_expect_continue": false,
  "_maxRequestsPerSocket": 0,
  "locals": {},
  "statusCode": 401,
  "statusMessage": "Unauthorized"
}
==================================================

==================================================
TIME: 2026-08-21T10:34:28.499Z
METHOD: PATCH
URL: /api/v1/customer
STATUS: 409
MESSAGE: Unknown error

STACK:
No stack trace

ERROR:
{
  "_events": {},
  "_eventsCount": 1,
  "outputData": [],
  "outputSize": 0,
  "writable": true,
  "destroyed": false,
  "_last": false,
  "chunkedEncoding": false,
  "shouldKeepAlive": true,
  "maxRequestsOnConnectionReached": false,
  "_defaultKeepAlive": true,
  "useChunkedEncodingByDefault": true,
  "sendDate": true,
  "_removedConnection": false,
  "_removedContLen": false,
  "_removedTE": false,
  "strictContentLength": false,
  "_contentLength": 57,
  "_hasBody": true,
  "_trailer": "",
  "finished": true,
  "_headerSent": true,
  "_closed": false,
  "_header": "HTTP/1.1 409 Conflict\r\nX-Powered-By: Express\r\nContent-Type: application/json; charset=utf-8\r\nContent-Length: 57\r\nETag: W/\"39-iq9rkc8mBs4cWi9X0QNULze64WM\"\r\nDate: Fri, 21 Aug 2026 10:34:28 GMT\r\nConnection: keep-alive\r\nKeep-Alive: timeout=5\r\n\r\n",
  "_keepAliveTimeout": 5000,
  "req": {
    "_events": {},
    "_eventsCount": 4,
    "destroyed": true,
    "statusCode": null,
    "statusMessage": null
  },
  "_sent100": false,
  "_expect_continue": false,
  "_maxRequestsPerSocket": 0,
  "locals": {},
  "statusCode": 409,
  "statusMessage": "Conflict"
}
==================================================

==================================================
TIME: 2026-08-21T10:35:00.661Z
METHOD: PATCH
URL: /api/v1/customer
STATUS: 409
MESSAGE: Unknown error

STACK:
No stack trace

ERROR:
{
  "_events": {},
  "_eventsCount": 1,
  "outputData": [],
  "outputSize": 0,
  "writable": true,
  "destroyed": false,
  "_last": false,
  "chunkedEncoding": false,
  "shouldKeepAlive": true,
  "maxRequestsOnConnectionReached": false,
  "_defaultKeepAlive": true,
  "useChunkedEncodingByDefault": true,
  "sendDate": true,
  "_removedConnection": false,
  "_removedContLen": false,
  "_removedTE": false,
  "strictContentLength": false,
  "_contentLength": 57,
  "_hasBody": true,
  "_trailer": "",
  "finished": true,
  "_headerSent": true,
  "_closed": false,
  "_header": "HTTP/1.1 409 Conflict\r\nX-Powered-By: Express\r\nContent-Type: application/json; charset=utf-8\r\nContent-Length: 57\r\nETag: W/\"39-iq9rkc8mBs4cWi9X0QNULze64WM\"\r\nDate: Fri, 21 Aug 2026 10:35:00 GMT\r\nConnection: keep-alive\r\nKeep-Alive: timeout=5\r\n\r\n",
  "_keepAliveTimeout": 5000,
  "req": {
    "_events": {},
    "_eventsCount": 4,
    "destroyed": true,
    "statusCode": null,
    "statusMessage": null
  },
  "_sent100": false,
  "_expect_continue": false,
  "_maxRequestsPerSocket": 0,
  "locals": {},
  "statusCode": 409,
  "statusMessage": "Conflict"
}
==================================================

==================================================
TIME: 2026-08-21T10:35:20.646Z
METHOD: PATCH
URL: /api/v1/customer
STATUS: 409
MESSAGE: Unknown error

STACK:
No stack trace

ERROR:
{
  "_events": {},
  "_eventsCount": 1,
  "outputData": [],
  "outputSize": 0,
  "writable": true,
  "destroyed": false,
  "_last": false,
  "chunkedEncoding": false,
  "shouldKeepAlive": true,
  "maxRequestsOnConnectionReached": false,
  "_defaultKeepAlive": true,
  "useChunkedEncodingByDefault": true,
  "sendDate": true,
  "_removedConnection": false,
  "_removedContLen": false,
  "_removedTE": false,
  "strictContentLength": false,
  "_contentLength": 57,
  "_hasBody": true,
  "_trailer": "",
  "finished": true,
  "_headerSent": true,
  "_closed": false,
  "_header": "HTTP/1.1 409 Conflict\r\nX-Powered-By: Express\r\nContent-Type: application/json; charset=utf-8\r\nContent-Length: 57\r\nETag: W/\"39-iq9rkc8mBs4cWi9X0QNULze64WM\"\r\nDate: Fri, 21 Aug 2026 10:35:20 GMT\r\nConnection: keep-alive\r\nKeep-Alive: timeout=5\r\n\r\n",
  "_keepAliveTimeout": 5000,
  "req": {
    "_events": {},
    "_eventsCount": 4,
    "destroyed": true,
    "statusCode": null,
    "statusMessage": null
  },
  "_sent100": false,
  "_expect_continue": false,
  "_maxRequestsPerSocket": 0,
  "locals": {},
  "statusCode": 409,
  "statusMessage": "Conflict"
}
==================================================

==================================================
TIME: 2026-08-21T10:45:13.478Z
METHOD: PATCH
URL: /api/v1/customer
STATUS: 500
MESSAGE: Unknown error

STACK:
No stack trace

ERROR:
{
  "_events": {},
  "_eventsCount": 1,
  "outputData": [],
  "outputSize": 0,
  "writable": true,
  "destroyed": false,
  "_last": false,
  "chunkedEncoding": false,
  "shouldKeepAlive": true,
  "maxRequestsOnConnectionReached": false,
  "_defaultKeepAlive": true,
  "useChunkedEncodingByDefault": true,
  "sendDate": true,
  "_removedConnection": false,
  "_removedContLen": false,
  "_removedTE": false,
  "strictContentLength": false,
  "_contentLength": 89,
  "_hasBody": true,
  "_trailer": "",
  "finished": true,
  "_headerSent": true,
  "_closed": false,
  "_header": "HTTP/1.1 500 Internal Server Error\r\nX-Powered-By: Express\r\nContent-Type: application/json; charset=utf-8\r\nContent-Length: 89\r\nETag: W/\"59-bQaGhKnUxVY8HSNj0NxFwmuu+9U\"\r\nDate: Fri, 21 Aug 2026 10:45:13 GMT\r\nConnection: keep-alive\r\nKeep-Alive: timeout=5\r\n\r\n",
  "_keepAliveTimeout": 5000,
  "req": {
    "_events": {},
    "_eventsCount": 4,
    "destroyed": true,
    "statusCode": null,
    "statusMessage": null
  },
  "_sent100": false,
  "_expect_continue": false,
  "_maxRequestsPerSocket": 0,
  "locals": {},
  "statusCode": 500,
  "statusMessage": "Internal Server Error"
}
==================================================

==================================================
TIME: 2026-08-21T10:45:42.666Z
METHOD: PATCH
URL: /api/v1/customer
STATUS: 400
MESSAGE: Unknown error

STACK:
No stack trace

ERROR:
{
  "_events": {},
  "_eventsCount": 1,
  "outputData": [],
  "outputSize": 0,
  "writable": true,
  "destroyed": false,
  "_last": false,
  "chunkedEncoding": false,
  "shouldKeepAlive": true,
  "maxRequestsOnConnectionReached": false,
  "_defaultKeepAlive": true,
  "useChunkedEncodingByDefault": true,
  "sendDate": true,
  "_removedConnection": false,
  "_removedContLen": false,
  "_removedTE": false,
  "strictContentLength": false,
  "_contentLength": 63,
  "_hasBody": true,
  "_trailer": "",
  "finished": true,
  "_headerSent": true,
  "_closed": false,
  "_header": "HTTP/1.1 400 Bad Request\r\nX-Powered-By: Express\r\nContent-Type: application/json; charset=utf-8\r\nContent-Length: 63\r\nETag: W/\"3f-KSdV0dxTrKQFkRqt4P9L/buXJJA\"\r\nDate: Fri, 21 Aug 2026 10:45:42 GMT\r\nConnection: keep-alive\r\nKeep-Alive: timeout=5\r\n\r\n",
  "_keepAliveTimeout": 5000,
  "req": {
    "_events": {},
    "_eventsCount": 4,
    "destroyed": true,
    "statusCode": null,
    "statusMessage": null
  },
  "_sent100": false,
  "_expect_continue": false,
  "_maxRequestsPerSocket": 0,
  "locals": {},
  "statusCode": 400,
  "statusMessage": "Bad Request"
}
==================================================

==================================================
TIME: 2026-08-21T14:42:51.779Z
METHOD: PATCH
URL: /api/v1/customer
STATUS: 500
MESSAGE: Unknown error

STACK:
No stack trace

ERROR:
{
  "_events": {},
  "_eventsCount": 1,
  "outputData": [],
  "outputSize": 0,
  "writable": true,
  "destroyed": false,
  "_last": false,
  "chunkedEncoding": false,
  "shouldKeepAlive": true,
  "maxRequestsOnConnectionReached": false,
  "_defaultKeepAlive": true,
  "useChunkedEncodingByDefault": true,
  "sendDate": true,
  "_removedConnection": false,
  "_removedContLen": false,
  "_removedTE": false,
  "strictContentLength": false,
  "_contentLength": 46,
  "_hasBody": true,
  "_trailer": "",
  "finished": true,
  "_headerSent": true,
  "_closed": false,
  "_header": "HTTP/1.1 500 Internal Server Error\r\nX-Powered-By: Express\r\nContent-Type: application/json; charset=utf-8\r\nContent-Length: 46\r\nETag: W/\"2e-NJhKFtpObg+SjJh4QW9h+lOFoYw\"\r\nDate: Fri, 21 Aug 2026 14:42:51 GMT\r\nConnection: keep-alive\r\nKeep-Alive: timeout=5\r\n\r\n",
  "_keepAliveTimeout": 5000,
  "req": {
    "_events": {},
    "_eventsCount": 4,
    "destroyed": true,
    "statusCode": null,
    "statusMessage": null
  },
  "_sent100": false,
  "_expect_continue": false,
  "_maxRequestsPerSocket": 0,
  "locals": {},
  "statusCode": 500,
  "statusMessage": "Internal Server Error"
}
==================================================

==================================================
TIME: 2026-08-21T15:13:21.936Z
METHOD: PATCH
URL: /api/v1/customer
STATUS: 500
MESSAGE: Unknown error

STACK:
No stack trace

ERROR:
{
  "_events": {},
  "_eventsCount": 1,
  "outputData": [],
  "outputSize": 0,
  "writable": true,
  "destroyed": false,
  "_last": false,
  "chunkedEncoding": false,
  "shouldKeepAlive": true,
  "maxRequestsOnConnectionReached": false,
  "_defaultKeepAlive": true,
  "useChunkedEncodingByDefault": true,
  "sendDate": true,
  "_removedConnection": false,
  "_removedContLen": false,
  "_removedTE": false,
  "strictContentLength": false,
  "_contentLength": 68,
  "_hasBody": true,
  "_trailer": "",
  "finished": true,
  "_headerSent": true,
  "_closed": false,
  "_header": "HTTP/1.1 500 Internal Server Error\r\nX-Powered-By: Express\r\nContent-Type: application/json; charset=utf-8\r\nContent-Length: 68\r\nETag: W/\"44-oLnKNU80riUpscO23k6i7G+wfCA\"\r\nDate: Fri, 21 Aug 2026 15:13:21 GMT\r\nConnection: keep-alive\r\nKeep-Alive: timeout=5\r\n\r\n",
  "_keepAliveTimeout": 5000,
  "req": {
    "_events": {},
    "_eventsCount": 0,
    "destroyed": false,
    "statusCode": null,
    "statusMessage": null
  },
  "_sent100": false,
  "_expect_continue": false,
  "_maxRequestsPerSocket": 0,
  "locals": {},
  "statusCode": 500,
  "statusMessage": "Internal Server Error"
}
==================================================

==================================================
TIME: 2026-08-21T15:15:12.674Z
METHOD: PATCH
URL: /api/v1/customer
STATUS: 400
MESSAGE: Unknown error

STACK:
No stack trace

ERROR:
{
  "_events": {},
  "_eventsCount": 1,
  "outputData": [],
  "outputSize": 0,
  "writable": true,
  "destroyed": false,
  "_last": false,
  "chunkedEncoding": false,
  "shouldKeepAlive": true,
  "maxRequestsOnConnectionReached": false,
  "_defaultKeepAlive": true,
  "useChunkedEncodingByDefault": true,
  "sendDate": true,
  "_removedConnection": false,
  "_removedContLen": false,
  "_removedTE": false,
  "strictContentLength": false,
  "_contentLength": 63,
  "_hasBody": true,
  "_trailer": "",
  "finished": true,
  "_headerSent": true,
  "_closed": false,
  "_header": "HTTP/1.1 400 Bad Request\r\nX-Powered-By: Express\r\nContent-Type: application/json; charset=utf-8\r\nContent-Length: 63\r\nETag: W/\"3f-KSdV0dxTrKQFkRqt4P9L/buXJJA\"\r\nDate: Fri, 21 Aug 2026 15:15:12 GMT\r\nConnection: keep-alive\r\nKeep-Alive: timeout=5\r\n\r\n",
  "_keepAliveTimeout": 5000,
  "req": {
    "_events": {},
    "_eventsCount": 4,
    "destroyed": true,
    "statusCode": null,
    "statusMessage": null
  },
  "_sent100": false,
  "_expect_continue": false,
  "_maxRequestsPerSocket": 0,
  "locals": {},
  "statusCode": 400,
  "statusMessage": "Bad Request"
}
==================================================

==================================================
TIME: 2026-08-21T15:22:53.171Z
METHOD: PATCH
URL: /api/v1/customer
STATUS: 500
MESSAGE: Unknown error

STACK:
No stack trace

ERROR:
{
  "_events": {},
  "_eventsCount": 1,
  "outputData": [],
  "outputSize": 0,
  "writable": true,
  "destroyed": false,
  "_last": false,
  "chunkedEncoding": false,
  "shouldKeepAlive": true,
  "maxRequestsOnConnectionReached": false,
  "_defaultKeepAlive": true,
  "useChunkedEncodingByDefault": true,
  "sendDate": true,
  "_removedConnection": false,
  "_removedContLen": false,
  "_removedTE": false,
  "strictContentLength": false,
  "_contentLength": 84,
  "_hasBody": true,
  "_trailer": "",
  "finished": true,
  "_headerSent": true,
  "_closed": false,
  "_header": "HTTP/1.1 500 Internal Server Error\r\nX-Powered-By: Express\r\nContent-Type: application/json; charset=utf-8\r\nContent-Length: 84\r\nETag: W/\"54-1M5Wp1xIl6iJc2nBgCK27Yk2DpY\"\r\nDate: Fri, 21 Aug 2026 15:22:53 GMT\r\nConnection: keep-alive\r\nKeep-Alive: timeout=5\r\n\r\n",
  "_keepAliveTimeout": 5000,
  "req": {
    "_events": {},
    "_eventsCount": 4,
    "destroyed": true,
    "statusCode": null,
    "statusMessage": null
  },
  "_sent100": false,
  "_expect_continue": false,
  "_maxRequestsPerSocket": 0,
  "locals": {},
  "statusCode": 500,
  "statusMessage": "Internal Server Error"
}
==================================================

==================================================
TIME: 2026-08-21T15:30:17.476Z
METHOD: POST
URL: /api/v1/loginCustomer
STATUS: 401
MESSAGE: Unknown error

STACK:
No stack trace

ERROR:
{
  "_events": {},
  "_eventsCount": 1,
  "outputData": [],
  "outputSize": 0,
  "writable": true,
  "destroyed": false,
  "_last": false,
  "chunkedEncoding": false,
  "shouldKeepAlive": true,
  "maxRequestsOnConnectionReached": false,
  "_defaultKeepAlive": true,
  "useChunkedEncodingByDefault": true,
  "sendDate": true,
  "_removedConnection": false,
  "_removedContLen": false,
  "_removedTE": false,
  "strictContentLength": false,
  "_contentLength": 62,
  "_hasBody": true,
  "_trailer": "",
  "finished": true,
  "_headerSent": true,
  "_closed": false,
  "_header": "HTTP/1.1 401 Unauthorized\r\nX-Powered-By: Express\r\nContent-Type: application/json; charset=utf-8\r\nContent-Length: 62\r\nETag: W/\"3e-ISUqlZLAu4gYZDuQYsVW1hycBoM\"\r\nDate: Fri, 21 Aug 2026 15:30:17 GMT\r\nConnection: keep-alive\r\nKeep-Alive: timeout=5\r\n\r\n",
  "_keepAliveTimeout": 5000,
  "req": {
    "_events": {},
    "_eventsCount": 0,
    "destroyed": true,
    "statusCode": null,
    "statusMessage": null
  },
  "_sent100": false,
  "_expect_continue": false,
  "_maxRequestsPerSocket": 0,
  "locals": {},
  "statusCode": 401,
  "statusMessage": "Unauthorized"
}
==================================================

==================================================
TIME: 2026-08-21T17:29:50.537Z
METHOD: POST
URL: /api/v1/loginCustomer
STATUS: 401
MESSAGE: Unknown error

STACK:
No stack trace

ERROR:
{
  "_events": {},
  "_eventsCount": 1,
  "outputData": [],
  "outputSize": 0,
  "writable": true,
  "destroyed": false,
  "_last": false,
  "chunkedEncoding": false,
  "shouldKeepAlive": true,
  "maxRequestsOnConnectionReached": false,
  "_defaultKeepAlive": true,
  "useChunkedEncodingByDefault": true,
  "sendDate": true,
  "_removedConnection": false,
  "_removedContLen": false,
  "_removedTE": false,
  "strictContentLength": false,
  "_contentLength": 62,
  "_hasBody": true,
  "_trailer": "",
  "finished": true,
  "_headerSent": true,
  "_closed": false,
  "_header": "HTTP/1.1 401 Unauthorized\r\nX-Powered-By: Express\r\nContent-Type: application/json; charset=utf-8\r\nContent-Length: 62\r\nETag: W/\"3e-ISUqlZLAu4gYZDuQYsVW1hycBoM\"\r\nDate: Fri, 21 Aug 2026 17:29:50 GMT\r\nConnection: keep-alive\r\nKeep-Alive: timeout=5\r\n\r\n",
  "_keepAliveTimeout": 5000,
  "req": {
    "_events": {},
    "_eventsCount": 0,
    "destroyed": true,
    "statusCode": null,
    "statusMessage": null
  },
  "_sent100": false,
  "_expect_continue": false,
  "_maxRequestsPerSocket": 0,
  "locals": {},
  "statusCode": 401,
  "statusMessage": "Unauthorized"
}
==================================================

==================================================
TIME: 2026-08-21T17:30:38.667Z
METHOD: POST
URL: /api/v1/loginCustomer
STATUS: 401
MESSAGE: Unknown error

STACK:
No stack trace

ERROR:
{
  "_events": {},
  "_eventsCount": 1,
  "outputData": [],
  "outputSize": 0,
  "writable": true,
  "destroyed": false,
  "_last": false,
  "chunkedEncoding": false,
  "shouldKeepAlive": true,
  "maxRequestsOnConnectionReached": false,
  "_defaultKeepAlive": true,
  "useChunkedEncodingByDefault": true,
  "sendDate": true,
  "_removedConnection": false,
  "_removedContLen": false,
  "_removedTE": false,
  "strictContentLength": false,
  "_contentLength": 62,
  "_hasBody": true,
  "_trailer": "",
  "finished": true,
  "_headerSent": true,
  "_closed": false,
  "_header": "HTTP/1.1 401 Unauthorized\r\nX-Powered-By: Express\r\nContent-Type: application/json; charset=utf-8\r\nContent-Length: 62\r\nETag: W/\"3e-ISUqlZLAu4gYZDuQYsVW1hycBoM\"\r\nDate: Fri, 21 Aug 2026 17:30:38 GMT\r\nConnection: keep-alive\r\nKeep-Alive: timeout=5\r\n\r\n",
  "_keepAliveTimeout": 5000,
  "req": {
    "_events": {},
    "_eventsCount": 0,
    "destroyed": true,
    "statusCode": null,
    "statusMessage": null
  },
  "_sent100": false,
  "_expect_continue": false,
  "_maxRequestsPerSocket": 0,
  "locals": {},
  "statusCode": 401,
  "statusMessage": "Unauthorized"
}
==================================================

==================================================
TIME: 2026-08-22T08:04:01.526Z
METHOD: PATCH
URL: /api/v1/customer
STATUS: 500
MESSAGE: Unknown error

STACK:
No stack trace

ERROR:
{
  "_events": {},
  "_eventsCount": 1,
  "outputData": [],
  "outputSize": 0,
  "writable": true,
  "destroyed": false,
  "_last": false,
  "chunkedEncoding": false,
  "shouldKeepAlive": true,
  "maxRequestsOnConnectionReached": false,
  "_defaultKeepAlive": true,
  "useChunkedEncodingByDefault": true,
  "sendDate": true,
  "_removedConnection": false,
  "_removedContLen": false,
  "_removedTE": false,
  "strictContentLength": false,
  "_contentLength": 84,
  "_hasBody": true,
  "_trailer": "",
  "finished": true,
  "_headerSent": true,
  "_closed": false,
  "_header": "HTTP/1.1 500 Internal Server Error\r\nX-Powered-By: Express\r\nContent-Type: application/json; charset=utf-8\r\nContent-Length: 84\r\nETag: W/\"54-1M5Wp1xIl6iJc2nBgCK27Yk2DpY\"\r\nDate: Sat, 22 Aug 2026 08:04:01 GMT\r\nConnection: keep-alive\r\nKeep-Alive: timeout=5\r\n\r\n",
  "_keepAliveTimeout": 5000,
  "req": {
    "_events": {},
    "_eventsCount": 4,
    "destroyed": true,
    "statusCode": null,
    "statusMessage": null
  },
  "_sent100": false,
  "_expect_continue": false,
  "_maxRequestsPerSocket": 0,
  "locals": {},
  "statusCode": 500,
  "statusMessage": "Internal Server Error"
}
==================================================

==================================================
TIME: 2026-08-22T08:04:12.298Z
METHOD: PATCH
URL: /api/v1/customer
STATUS: 500
MESSAGE: Unknown error

STACK:
No stack trace

ERROR:
{
  "_events": {},
  "_eventsCount": 1,
  "outputData": [],
  "outputSize": 0,
  "writable": true,
  "destroyed": false,
  "_last": false,
  "chunkedEncoding": false,
  "shouldKeepAlive": true,
  "maxRequestsOnConnectionReached": false,
  "_defaultKeepAlive": true,
  "useChunkedEncodingByDefault": true,
  "sendDate": true,
  "_removedConnection": false,
  "_removedContLen": false,
  "_removedTE": false,
  "strictContentLength": false,
  "_contentLength": 84,
  "_hasBody": true,
  "_trailer": "",
  "finished": true,
  "_headerSent": true,
  "_closed": false,
  "_header": "HTTP/1.1 500 Internal Server Error\r\nX-Powered-By: Express\r\nContent-Type: application/json; charset=utf-8\r\nContent-Length: 84\r\nETag: W/\"54-1M5Wp1xIl6iJc2nBgCK27Yk2DpY\"\r\nDate: Sat, 22 Aug 2026 08:04:12 GMT\r\nConnection: keep-alive\r\nKeep-Alive: timeout=5\r\n\r\n",
  "_keepAliveTimeout": 5000,
  "req": {
    "_events": {},
    "_eventsCount": 4,
    "destroyed": true,
    "statusCode": null,
    "statusMessage": null
  },
  "_sent100": false,
  "_expect_continue": false,
  "_maxRequestsPerSocket": 0,
  "locals": {},
  "statusCode": 500,
  "statusMessage": "Internal Server Error"
}
==================================================

==================================================
TIME: 2026-08-22T08:06:12.964Z
METHOD: PATCH
URL: /api/v1/customer
STATUS: 500
MESSAGE: Unknown error

STACK:
No stack trace

ERROR:
{
  "_events": {},
  "_eventsCount": 1,
  "outputData": [],
  "outputSize": 0,
  "writable": true,
  "destroyed": false,
  "_last": false,
  "chunkedEncoding": false,
  "shouldKeepAlive": true,
  "maxRequestsOnConnectionReached": false,
  "_defaultKeepAlive": true,
  "useChunkedEncodingByDefault": true,
  "sendDate": true,
  "_removedConnection": false,
  "_removedContLen": false,
  "_removedTE": false,
  "strictContentLength": false,
  "_contentLength": 84,
  "_hasBody": true,
  "_trailer": "",
  "finished": true,
  "_headerSent": true,
  "_closed": false,
  "_header": "HTTP/1.1 500 Internal Server Error\r\nX-Powered-By: Express\r\nContent-Type: application/json; charset=utf-8\r\nContent-Length: 84\r\nETag: W/\"54-1M5Wp1xIl6iJc2nBgCK27Yk2DpY\"\r\nDate: Sat, 22 Aug 2026 08:06:12 GMT\r\nConnection: keep-alive\r\nKeep-Alive: timeout=5\r\n\r\n",
  "_keepAliveTimeout": 5000,
  "req": {
    "_events": {},
    "_eventsCount": 4,
    "destroyed": true,
    "statusCode": null,
    "statusMessage": null
  },
  "_sent100": false,
  "_expect_continue": false,
  "_maxRequestsPerSocket": 0,
  "locals": {},
  "statusCode": 500,
  "statusMessage": "Internal Server Error"
}
==================================================

==================================================
TIME: 2026-08-22T08:06:22.534Z
METHOD: PATCH
URL: /api/v1/customer
STATUS: 500
MESSAGE: Unknown error

STACK:
No stack trace

ERROR:
{
  "_events": {},
  "_eventsCount": 1,
  "outputData": [],
  "outputSize": 0,
  "writable": true,
  "destroyed": false,
  "_last": false,
  "chunkedEncoding": false,
  "shouldKeepAlive": true,
  "maxRequestsOnConnectionReached": false,
  "_defaultKeepAlive": true,
  "useChunkedEncodingByDefault": true,
  "sendDate": true,
  "_removedConnection": false,
  "_removedContLen": false,
  "_removedTE": false,
  "strictContentLength": false,
  "_contentLength": 84,
  "_hasBody": true,
  "_trailer": "",
  "finished": true,
  "_headerSent": true,
  "_closed": false,
  "_header": "HTTP/1.1 500 Internal Server Error\r\nX-Powered-By: Express\r\nContent-Type: application/json; charset=utf-8\r\nContent-Length: 84\r\nETag: W/\"54-1M5Wp1xIl6iJc2nBgCK27Yk2DpY\"\r\nDate: Sat, 22 Aug 2026 08:06:22 GMT\r\nConnection: keep-alive\r\nKeep-Alive: timeout=5\r\n\r\n",
  "_keepAliveTimeout": 5000,
  "req": {
    "_events": {},
    "_eventsCount": 4,
    "destroyed": true,
    "statusCode": null,
    "statusMessage": null
  },
  "_sent100": false,
  "_expect_continue": false,
  "_maxRequestsPerSocket": 0,
  "locals": {},
  "statusCode": 500,
  "statusMessage": "Internal Server Error"
}
==================================================

==================================================
TIME: 2026-08-22T08:06:35.892Z
METHOD: PATCH
URL: /api/v1/customer
STATUS: 500
MESSAGE: Unknown error

STACK:
No stack trace

ERROR:
{
  "_events": {},
  "_eventsCount": 1,
  "outputData": [],
  "outputSize": 0,
  "writable": true,
  "destroyed": false,
  "_last": false,
  "chunkedEncoding": false,
  "shouldKeepAlive": true,
  "maxRequestsOnConnectionReached": false,
  "_defaultKeepAlive": true,
  "useChunkedEncodingByDefault": true,
  "sendDate": true,
  "_removedConnection": false,
  "_removedContLen": false,
  "_removedTE": false,
  "strictContentLength": false,
  "_contentLength": 84,
  "_hasBody": true,
  "_trailer": "",
  "finished": true,
  "_headerSent": true,
  "_closed": false,
  "_header": "HTTP/1.1 500 Internal Server Error\r\nX-Powered-By: Express\r\nContent-Type: application/json; charset=utf-8\r\nContent-Length: 84\r\nETag: W/\"54-1M5Wp1xIl6iJc2nBgCK27Yk2DpY\"\r\nDate: Sat, 22 Aug 2026 08:06:35 GMT\r\nConnection: keep-alive\r\nKeep-Alive: timeout=5\r\n\r\n",
  "_keepAliveTimeout": 5000,
  "req": {
    "_events": {},
    "_eventsCount": 4,
    "destroyed": true,
    "statusCode": null,
    "statusMessage": null
  },
  "_sent100": false,
  "_expect_continue": false,
  "_maxRequestsPerSocket": 0,
  "locals": {},
  "statusCode": 500,
  "statusMessage": "Internal Server Error"
}
==================================================

==================================================
TIME: 2026-08-22T08:07:11.565Z
METHOD: POST
URL: /api/v1/loginCustomer
STATUS: 401
MESSAGE: Unknown error

STACK:
No stack trace

ERROR:
{
  "_events": {},
  "_eventsCount": 1,
  "outputData": [],
  "outputSize": 0,
  "writable": true,
  "destroyed": false,
  "_last": false,
  "chunkedEncoding": false,
  "shouldKeepAlive": true,
  "maxRequestsOnConnectionReached": false,
  "_defaultKeepAlive": true,
  "useChunkedEncodingByDefault": true,
  "sendDate": true,
  "_removedConnection": false,
  "_removedContLen": false,
  "_removedTE": false,
  "strictContentLength": false,
  "_contentLength": 62,
  "_hasBody": true,
  "_trailer": "",
  "finished": true,
  "_headerSent": true,
  "_closed": false,
  "_header": "HTTP/1.1 401 Unauthorized\r\nX-Powered-By: Express\r\nContent-Type: application/json; charset=utf-8\r\nContent-Length: 62\r\nETag: W/\"3e-ISUqlZLAu4gYZDuQYsVW1hycBoM\"\r\nDate: Sat, 22 Aug 2026 08:07:11 GMT\r\nConnection: keep-alive\r\nKeep-Alive: timeout=5\r\n\r\n",
  "_keepAliveTimeout": 5000,
  "req": {
    "_events": {},
    "_eventsCount": 0,
    "destroyed": true,
    "statusCode": null,
    "statusMessage": null
  },
  "_sent100": false,
  "_expect_continue": false,
  "_maxRequestsPerSocket": 0,
  "locals": {},
  "statusCode": 401,
  "statusMessage": "Unauthorized"
}
==================================================

==================================================
TIME: 2026-08-22T10:41:56.374Z
METHOD: GET
URL: /api/v1/customer/branch/Online-001/products
STATUS: 401
MESSAGE: Unknown error

STACK:
No stack trace

ERROR:
{
  "_events": {},
  "_eventsCount": 1,
  "outputData": [],
  "outputSize": 0,
  "writable": true,
  "destroyed": false,
  "_last": false,
  "chunkedEncoding": false,
  "shouldKeepAlive": true,
  "maxRequestsOnConnectionReached": false,
  "_defaultKeepAlive": true,
  "useChunkedEncodingByDefault": true,
  "sendDate": true,
  "_removedConnection": false,
  "_removedContLen": false,
  "_removedTE": false,
  "strictContentLength": false,
  "_contentLength": 51,
  "_hasBody": true,
  "_trailer": "",
  "finished": true,
  "_headerSent": true,
  "_closed": false,
  "_header": "HTTP/1.1 401 Unauthorized\r\nX-Powered-By: Express\r\nContent-Type: application/json; charset=utf-8\r\nContent-Length: 51\r\nETag: W/\"33-939ZpLsoEl9a5B79nTrOjv8uWNo\"\r\nDate: Sat, 22 Aug 2026 10:41:56 GMT\r\nConnection: keep-alive\r\nKeep-Alive: timeout=5\r\n\r\n",
  "_keepAliveTimeout": 5000,
  "req": {
    "_events": {},
    "_eventsCount": 0,
    "destroyed": false,
    "statusCode": null,
    "statusMessage": null
  },
  "_sent100": false,
  "_expect_continue": false,
  "_maxRequestsPerSocket": 0,
  "locals": {},
  "statusCode": 401,
  "statusMessage": "Unauthorized"
}
==================================================

==================================================
TIME: 2026-08-22T10:54:55.469Z
METHOD: GET
URL: /api/v1/products?page=1&count=20&branchId=Online-001
STATUS: 500
MESSAGE: Unknown error

STACK:
No stack trace

ERROR:
{
  "_events": {},
  "_eventsCount": 1,
  "outputData": [],
  "outputSize": 0,
  "writable": true,
  "destroyed": false,
  "_last": false,
  "chunkedEncoding": false,
  "shouldKeepAlive": true,
  "maxRequestsOnConnectionReached": false,
  "_defaultKeepAlive": true,
  "useChunkedEncodingByDefault": true,
  "sendDate": true,
  "_removedConnection": false,
  "_removedContLen": false,
  "_removedTE": false,
  "strictContentLength": false,
  "_contentLength": 53,
  "_hasBody": true,
  "_trailer": "",
  "finished": true,
  "_headerSent": true,
  "_closed": false,
  "_header": "HTTP/1.1 500 Internal Server Error\r\nX-Powered-By: Express\r\nContent-Type: application/json; charset=utf-8\r\nContent-Length: 53\r\nETag: W/\"35-Ze8oYiGoMGH7A9mcgubOK/h3s8g\"\r\nDate: Sat, 22 Aug 2026 10:54:55 GMT\r\nConnection: keep-alive\r\nKeep-Alive: timeout=5\r\n\r\n",
  "_keepAliveTimeout": 5000,
  "req": {
    "_events": {},
    "_eventsCount": 0,
    "destroyed": false,
    "statusCode": null,
    "statusMessage": null
  },
  "_sent100": false,
  "_expect_continue": false,
  "_maxRequestsPerSocket": 0,
  "locals": {},
  "statusCode": 500,
  "statusMessage": "Internal Server Error"
}
==================================================

==================================================
TIME: 2026-08-22T11:32:05.478Z
METHOD: POST
URL: /api/v1/product
STATUS: 500
MESSAGE: Unknown error

STACK:
No stack trace

ERROR:
{
  "_events": {},
  "_eventsCount": 1,
  "outputData": [],
  "outputSize": 0,
  "writable": true,
  "destroyed": false,
  "_last": false,
  "chunkedEncoding": false,
  "shouldKeepAlive": true,
  "maxRequestsOnConnectionReached": false,
  "_defaultKeepAlive": true,
  "useChunkedEncodingByDefault": true,
  "sendDate": true,
  "_removedConnection": false,
  "_removedContLen": false,
  "_removedTE": false,
  "strictContentLength": false,
  "_contentLength": 45,
  "_hasBody": true,
  "_trailer": "",
  "finished": true,
  "_headerSent": true,
  "_closed": false,
  "_header": "HTTP/1.1 500 Internal Server Error\r\nX-Powered-By: Express\r\nContent-Type: application/json; charset=utf-8\r\nContent-Length: 45\r\nETag: W/\"2d-ZL8zPWfjZzhOckGQjtBYg5XzI/A\"\r\nDate: Sat, 22 Aug 2026 11:32:05 GMT\r\nConnection: keep-alive\r\nKeep-Alive: timeout=5\r\n\r\n",
  "_keepAliveTimeout": 5000,
  "req": {
    "_events": {},
    "_eventsCount": 4,
    "destroyed": true,
    "statusCode": null,
    "statusMessage": null
  },
  "_sent100": false,
  "_expect_continue": false,
  "_maxRequestsPerSocket": 0,
  "locals": {},
  "statusCode": 500,
  "statusMessage": "Internal Server Error"
}
==================================================

==================================================
TIME: 2026-08-22T11:32:10.563Z
METHOD: POST
URL: /api/v1/product
STATUS: 500
MESSAGE: Unknown error

STACK:
No stack trace

ERROR:
{
  "_events": {},
  "_eventsCount": 1,
  "outputData": [],
  "outputSize": 0,
  "writable": true,
  "destroyed": false,
  "_last": false,
  "chunkedEncoding": false,
  "shouldKeepAlive": true,
  "maxRequestsOnConnectionReached": false,
  "_defaultKeepAlive": true,
  "useChunkedEncodingByDefault": true,
  "sendDate": true,
  "_removedConnection": false,
  "_removedContLen": false,
  "_removedTE": false,
  "strictContentLength": false,
  "_contentLength": 45,
  "_hasBody": true,
  "_trailer": "",
  "finished": true,
  "_headerSent": true,
  "_closed": false,
  "_header": "HTTP/1.1 500 Internal Server Error\r\nX-Powered-By: Express\r\nContent-Type: application/json; charset=utf-8\r\nContent-Length: 45\r\nETag: W/\"2d-ZL8zPWfjZzhOckGQjtBYg5XzI/A\"\r\nDate: Sat, 22 Aug 2026 11:32:10 GMT\r\nConnection: keep-alive\r\nKeep-Alive: timeout=5\r\n\r\n",
  "_keepAliveTimeout": 5000,
  "req": {
    "_events": {},
    "_eventsCount": 4,
    "destroyed": true,
    "statusCode": null,
    "statusMessage": null
  },
  "_sent100": false,
  "_expect_continue": false,
  "_maxRequestsPerSocket": 0,
  "locals": {},
  "statusCode": 500,
  "statusMessage": "Internal Server Error"
}
==================================================

==================================================
TIME: 2026-08-22T11:32:15.634Z
METHOD: POST
URL: /api/v1/product
STATUS: 500
MESSAGE: Unknown error

STACK:
No stack trace

ERROR:
{
  "_events": {},
  "_eventsCount": 1,
  "outputData": [],
  "outputSize": 0,
  "writable": true,
  "destroyed": false,
  "_last": false,
  "chunkedEncoding": false,
  "shouldKeepAlive": true,
  "maxRequestsOnConnectionReached": false,
  "_defaultKeepAlive": true,
  "useChunkedEncodingByDefault": true,
  "sendDate": true,
  "_removedConnection": false,
  "_removedContLen": false,
  "_removedTE": false,
  "strictContentLength": false,
  "_contentLength": 45,
  "_hasBody": true,
  "_trailer": "",
  "finished": true,
  "_headerSent": true,
  "_closed": false,
  "_header": "HTTP/1.1 500 Internal Server Error\r\nX-Powered-By: Express\r\nContent-Type: application/json; charset=utf-8\r\nContent-Length: 45\r\nETag: W/\"2d-ZL8zPWfjZzhOckGQjtBYg5XzI/A\"\r\nDate: Sat, 22 Aug 2026 11:32:15 GMT\r\nConnection: keep-alive\r\nKeep-Alive: timeout=5\r\n\r\n",
  "_keepAliveTimeout": 5000,
  "req": {
    "_events": {},
    "_eventsCount": 4,
    "destroyed": true,
    "statusCode": null,
    "statusMessage": null
  },
  "_sent100": false,
  "_expect_continue": false,
  "_maxRequestsPerSocket": 0,
  "locals": {},
  "statusCode": 500,
  "statusMessage": "Internal Server Error"
}
==================================================

==================================================
TIME: 2026-08-22T11:32:19.257Z
METHOD: POST
URL: /api/v1/product
STATUS: 500
MESSAGE: Unknown error

STACK:
No stack trace

ERROR:
{
  "_events": {},
  "_eventsCount": 1,
  "outputData": [],
  "outputSize": 0,
  "writable": true,
  "destroyed": false,
  "_last": false,
  "chunkedEncoding": false,
  "shouldKeepAlive": true,
  "maxRequestsOnConnectionReached": false,
  "_defaultKeepAlive": true,
  "useChunkedEncodingByDefault": true,
  "sendDate": true,
  "_removedConnection": false,
  "_removedContLen": false,
  "_removedTE": false,
  "strictContentLength": false,
  "_contentLength": 70,
  "_hasBody": true,
  "_trailer": "",
  "finished": true,
  "_headerSent": true,
  "_closed": false,
  "_header": "HTTP/1.1 500 Internal Server Error\r\nX-Powered-By: Express\r\nContent-Type: application/json; charset=utf-8\r\nContent-Length: 70\r\nETag: W/\"46-BnjxZz5qw9qlbaiDawTC7EcBdzA\"\r\nDate: Sat, 22 Aug 2026 11:32:19 GMT\r\nConnection: keep-alive\r\nKeep-Alive: timeout=5\r\n\r\n",
  "_keepAliveTimeout": 5000,
  "req": {
    "_events": {},
    "_eventsCount": 4,
    "destroyed": true,
    "statusCode": null,
    "statusMessage": null
  },
  "_sent100": false,
  "_expect_continue": false,
  "_maxRequestsPerSocket": 0,
  "locals": {},
  "statusCode": 500,
  "statusMessage": "Internal Server Error"
}
==================================================

==================================================
TIME: 2026-08-22T11:32:19.340Z
METHOD: POST
URL: /api/v1/product
STATUS: 500
MESSAGE: Unknown error

STACK:
No stack trace

ERROR:
{
  "_events": {},
  "_eventsCount": 1,
  "outputData": [],
  "outputSize": 0,
  "writable": true,
  "destroyed": false,
  "_last": false,
  "chunkedEncoding": false,
  "shouldKeepAlive": true,
  "maxRequestsOnConnectionReached": false,
  "_defaultKeepAlive": true,
  "useChunkedEncodingByDefault": true,
  "sendDate": true,
  "_removedConnection": false,
  "_removedContLen": false,
  "_removedTE": false,
  "strictContentLength": false,
  "_contentLength": 70,
  "_hasBody": true,
  "_trailer": "",
  "finished": true,
  "_headerSent": true,
  "_closed": false,
  "_header": "HTTP/1.1 500 Internal Server Error\r\nX-Powered-By: Express\r\nContent-Type: application/json; charset=utf-8\r\nContent-Length: 70\r\nETag: W/\"46-BnjxZz5qw9qlbaiDawTC7EcBdzA\"\r\nDate: Sat, 22 Aug 2026 11:32:19 GMT\r\nConnection: keep-alive\r\nKeep-Alive: timeout=5\r\n\r\n",
  "_keepAliveTimeout": 5000,
  "req": {
    "_events": {},
    "_eventsCount": 4,
    "destroyed": true,
    "statusCode": null,
    "statusMessage": null
  },
  "_sent100": false,
  "_expect_continue": false,
  "_maxRequestsPerSocket": 0,
  "locals": {},
  "statusCode": 500,
  "statusMessage": "Internal Server Error"
}
==================================================

==================================================
TIME: 2026-08-22T11:32:19.497Z
METHOD: POST
URL: /api/v1/product
STATUS: 500
MESSAGE: Unknown error

STACK:
No stack trace

ERROR:
{
  "_events": {},
  "_eventsCount": 1,
  "outputData": [],
  "outputSize": 0,
  "writable": true,
  "destroyed": false,
  "_last": false,
  "chunkedEncoding": false,
  "shouldKeepAlive": true,
  "maxRequestsOnConnectionReached": false,
  "_defaultKeepAlive": true,
  "useChunkedEncodingByDefault": true,
  "sendDate": true,
  "_removedConnection": false,
  "_removedContLen": false,
  "_removedTE": false,
  "strictContentLength": false,
  "_contentLength": 70,
  "_hasBody": true,
  "_trailer": "",
  "finished": true,
  "_headerSent": true,
  "_closed": false,
  "_header": "HTTP/1.1 500 Internal Server Error\r\nX-Powered-By: Express\r\nContent-Type: application/json; charset=utf-8\r\nContent-Length: 70\r\nETag: W/\"46-BnjxZz5qw9qlbaiDawTC7EcBdzA\"\r\nDate: Sat, 22 Aug 2026 11:32:19 GMT\r\nConnection: keep-alive\r\nKeep-Alive: timeout=5\r\n\r\n",
  "_keepAliveTimeout": 5000,
  "req": {
    "_events": {},
    "_eventsCount": 4,
    "destroyed": true,
    "statusCode": null,
    "statusMessage": null
  },
  "_sent100": false,
  "_expect_continue": false,
  "_maxRequestsPerSocket": 0,
  "locals": {},
  "statusCode": 500,
  "statusMessage": "Internal Server Error"
}
==================================================

==================================================
TIME: 2026-08-22T11:32:19.595Z
METHOD: POST
URL: /api/v1/product
STATUS: 500
MESSAGE: Unknown error

STACK:
No stack trace

ERROR:
{
  "_events": {},
  "_eventsCount": 1,
  "outputData": [],
  "outputSize": 0,
  "writable": true,
  "destroyed": false,
  "_last": false,
  "chunkedEncoding": false,
  "shouldKeepAlive": true,
  "maxRequestsOnConnectionReached": false,
  "_defaultKeepAlive": true,
  "useChunkedEncodingByDefault": true,
  "sendDate": true,
  "_removedConnection": false,
  "_removedContLen": false,
  "_removedTE": false,
  "strictContentLength": false,
  "_contentLength": 70,
  "_hasBody": true,
  "_trailer": "",
  "finished": true,
  "_headerSent": true,
  "_closed": false,
  "_header": "HTTP/1.1 500 Internal Server Error\r\nX-Powered-By: Express\r\nContent-Type: application/json; charset=utf-8\r\nContent-Length: 70\r\nETag: W/\"46-BnjxZz5qw9qlbaiDawTC7EcBdzA\"\r\nDate: Sat, 22 Aug 2026 11:32:19 GMT\r\nConnection: keep-alive\r\nKeep-Alive: timeout=5\r\n\r\n",
  "_keepAliveTimeout": 5000,
  "req": {
    "_events": {},
    "_eventsCount": 4,
    "destroyed": true,
    "statusCode": null,
    "statusMessage": null
  },
  "_sent100": false,
  "_expect_continue": false,
  "_maxRequestsPerSocket": 0,
  "locals": {},
  "statusCode": 500,
  "statusMessage": "Internal Server Error"
}
==================================================

==================================================
TIME: 2026-08-22T11:32:19.672Z
METHOD: POST
URL: /api/v1/product
STATUS: 500
MESSAGE: Unknown error

STACK:
No stack trace

ERROR:
{
  "_events": {},
  "_eventsCount": 1,
  "outputData": [],
  "outputSize": 0,
  "writable": true,
  "destroyed": false,
  "_last": false,
  "chunkedEncoding": false,
  "shouldKeepAlive": true,
  "maxRequestsOnConnectionReached": false,
  "_defaultKeepAlive": true,
  "useChunkedEncodingByDefault": true,
  "sendDate": true,
  "_removedConnection": false,
  "_removedContLen": false,
  "_removedTE": false,
  "strictContentLength": false,
  "_contentLength": 70,
  "_hasBody": true,
  "_trailer": "",
  "finished": true,
  "_headerSent": true,
  "_closed": false,
  "_header": "HTTP/1.1 500 Internal Server Error\r\nX-Powered-By: Express\r\nContent-Type: application/json; charset=utf-8\r\nContent-Length: 70\r\nETag: W/\"46-BnjxZz5qw9qlbaiDawTC7EcBdzA\"\r\nDate: Sat, 22 Aug 2026 11:32:19 GMT\r\nConnection: keep-alive\r\nKeep-Alive: timeout=5\r\n\r\n",
  "_keepAliveTimeout": 5000,
  "req": {
    "_events": {},
    "_eventsCount": 4,
    "destroyed": true,
    "statusCode": null,
    "statusMessage": null
  },
  "_sent100": false,
  "_expect_continue": false,
  "_maxRequestsPerSocket": 0,
  "locals": {},
  "statusCode": 500,
  "statusMessage": "Internal Server Error"
}
==================================================

==================================================
TIME: 2026-08-22T11:32:19.741Z
METHOD: POST
URL: /api/v1/product
STATUS: 500
MESSAGE: Unknown error

STACK:
No stack trace

ERROR:
{
  "_events": {},
  "_eventsCount": 1,
  "outputData": [],
  "outputSize": 0,
  "writable": true,
  "destroyed": false,
  "_last": false,
  "chunkedEncoding": false,
  "shouldKeepAlive": true,
  "maxRequestsOnConnectionReached": false,
  "_defaultKeepAlive": true,
  "useChunkedEncodingByDefault": true,
  "sendDate": true,
  "_removedConnection": false,
  "_removedContLen": false,
  "_removedTE": false,
  "strictContentLength": false,
  "_contentLength": 70,
  "_hasBody": true,
  "_trailer": "",
  "finished": true,
  "_headerSent": true,
  "_closed": false,
  "_header": "HTTP/1.1 500 Internal Server Error\r\nX-Powered-By: Express\r\nContent-Type: application/json; charset=utf-8\r\nContent-Length: 70\r\nETag: W/\"46-BnjxZz5qw9qlbaiDawTC7EcBdzA\"\r\nDate: Sat, 22 Aug 2026 11:32:19 GMT\r\nConnection: keep-alive\r\nKeep-Alive: timeout=5\r\n\r\n",
  "_keepAliveTimeout": 5000,
  "req": {
    "_events": {},
    "_eventsCount": 4,
    "destroyed": true,
    "statusCode": null,
    "statusMessage": null
  },
  "_sent100": false,
  "_expect_continue": false,
  "_maxRequestsPerSocket": 0,
  "locals": {},
  "statusCode": 500,
  "statusMessage": "Internal Server Error"
}
==================================================

==================================================
TIME: 2026-08-22T11:32:19.799Z
METHOD: POST
URL: /api/v1/product
STATUS: 500
MESSAGE: Unknown error

STACK:
No stack trace

ERROR:
{
  "_events": {},
  "_eventsCount": 1,
  "outputData": [],
  "outputSize": 0,
  "writable": true,
  "destroyed": false,
  "_last": false,
  "chunkedEncoding": false,
  "shouldKeepAlive": true,
  "maxRequestsOnConnectionReached": false,
  "_defaultKeepAlive": true,
  "useChunkedEncodingByDefault": true,
  "sendDate": true,
  "_removedConnection": false,
  "_removedContLen": false,
  "_removedTE": false,
  "strictContentLength": false,
  "_contentLength": 70,
  "_hasBody": true,
  "_trailer": "",
  "finished": true,
  "_headerSent": true,
  "_closed": false,
  "_header": "HTTP/1.1 500 Internal Server Error\r\nX-Powered-By: Express\r\nContent-Type: application/json; charset=utf-8\r\nContent-Length: 70\r\nETag: W/\"46-BnjxZz5qw9qlbaiDawTC7EcBdzA\"\r\nDate: Sat, 22 Aug 2026 11:32:19 GMT\r\nConnection: keep-alive\r\nKeep-Alive: timeout=5\r\n\r\n",
  "_keepAliveTimeout": 5000,
  "req": {
    "_events": {},
    "_eventsCount": 4,
    "destroyed": true,
    "statusCode": null,
    "statusMessage": null
  },
  "_sent100": false,
  "_expect_continue": false,
  "_maxRequestsPerSocket": 0,
  "locals": {},
  "statusCode": 500,
  "statusMessage": "Internal Server Error"
}
==================================================

==================================================
TIME: 2026-08-22T11:32:19.855Z
METHOD: POST
URL: /api/v1/product
STATUS: 500
MESSAGE: Unknown error

STACK:
No stack trace

ERROR:
{
  "_events": {},
  "_eventsCount": 1,
  "outputData": [],
  "outputSize": 0,
  "writable": true,
  "destroyed": false,
  "_last": false,
  "chunkedEncoding": false,
  "shouldKeepAlive": true,
  "maxRequestsOnConnectionReached": false,
  "_defaultKeepAlive": true,
  "useChunkedEncodingByDefault": true,
  "sendDate": true,
  "_removedConnection": false,
  "_removedContLen": false,
  "_removedTE": false,
  "strictContentLength": false,
  "_contentLength": 70,
  "_hasBody": true,
  "_trailer": "",
  "finished": true,
  "_headerSent": true,
  "_closed": false,
  "_header": "HTTP/1.1 500 Internal Server Error\r\nX-Powered-By: Express\r\nContent-Type: application/json; charset=utf-8\r\nContent-Length: 70\r\nETag: W/\"46-BnjxZz5qw9qlbaiDawTC7EcBdzA\"\r\nDate: Sat, 22 Aug 2026 11:32:19 GMT\r\nConnection: keep-alive\r\nKeep-Alive: timeout=5\r\n\r\n",
  "_keepAliveTimeout": 5000,
  "req": {
    "_events": {},
    "_eventsCount": 4,
    "destroyed": true,
    "statusCode": null,
    "statusMessage": null
  },
  "_sent100": false,
  "_expect_continue": false,
  "_maxRequestsPerSocket": 0,
  "locals": {},
  "statusCode": 500,
  "statusMessage": "Internal Server Error"
}
==================================================

==================================================
TIME: 2026-08-22T11:32:19.895Z
METHOD: POST
URL: /api/v1/product
STATUS: 500
MESSAGE: Unknown error

STACK:
No stack trace

ERROR:
{
  "_events": {},
  "_eventsCount": 1,
  "outputData": [],
  "outputSize": 0,
  "writable": true,
  "destroyed": false,
  "_last": false,
  "chunkedEncoding": false,
  "shouldKeepAlive": true,
  "maxRequestsOnConnectionReached": false,
  "_defaultKeepAlive": true,
  "useChunkedEncodingByDefault": true,
  "sendDate": true,
  "_removedConnection": false,
  "_removedContLen": false,
  "_removedTE": false,
  "strictContentLength": false,
  "_contentLength": 70,
  "_hasBody": true,
  "_trailer": "",
  "finished": true,
  "_headerSent": true,
  "_closed": false,
  "_header": "HTTP/1.1 500 Internal Server Error\r\nX-Powered-By: Express\r\nContent-Type: application/json; charset=utf-8\r\nContent-Length: 70\r\nETag: W/\"46-BnjxZz5qw9qlbaiDawTC7EcBdzA\"\r\nDate: Sat, 22 Aug 2026 11:32:19 GMT\r\nConnection: keep-alive\r\nKeep-Alive: timeout=5\r\n\r\n",
  "_keepAliveTimeout": 5000,
  "req": {
    "_events": {},
    "_eventsCount": 4,
    "destroyed": true,
    "statusCode": null,
    "statusMessage": null
  },
  "_sent100": false,
  "_expect_continue": false,
  "_maxRequestsPerSocket": 0,
  "locals": {},
  "statusCode": 500,
  "statusMessage": "Internal Server Error"
}
==================================================

==================================================
TIME: 2026-08-22T11:32:20.113Z
METHOD: POST
URL: /api/v1/product
STATUS: 500
MESSAGE: Unknown error

STACK:
No stack trace

ERROR:
{
  "_events": {},
  "_eventsCount": 1,
  "outputData": [],
  "outputSize": 0,
  "writable": true,
  "destroyed": false,
  "_last": false,
  "chunkedEncoding": false,
  "shouldKeepAlive": true,
  "maxRequestsOnConnectionReached": false,
  "_defaultKeepAlive": true,
  "useChunkedEncodingByDefault": true,
  "sendDate": true,
  "_removedConnection": false,
  "_removedContLen": false,
  "_removedTE": false,
  "strictContentLength": false,
  "_contentLength": 70,
  "_hasBody": true,
  "_trailer": "",
  "finished": true,
  "_headerSent": true,
  "_closed": false,
  "_header": "HTTP/1.1 500 Internal Server Error\r\nX-Powered-By: Express\r\nContent-Type: application/json; charset=utf-8\r\nContent-Length: 70\r\nETag: W/\"46-BnjxZz5qw9qlbaiDawTC7EcBdzA\"\r\nDate: Sat, 22 Aug 2026 11:32:20 GMT\r\nConnection: keep-alive\r\nKeep-Alive: timeout=5\r\n\r\n",
  "_keepAliveTimeout": 5000,
  "req": {
    "_events": {},
    "_eventsCount": 4,
    "destroyed": true,
    "statusCode": null,
    "statusMessage": null
  },
  "_sent100": false,
  "_expect_continue": false,
  "_maxRequestsPerSocket": 0,
  "locals": {},
  "statusCode": 500,
  "statusMessage": "Internal Server Error"
}
==================================================

==================================================
TIME: 2026-08-22T11:32:25.495Z
METHOD: POST
URL: /api/v1/product
STATUS: 500
MESSAGE: Unknown error

STACK:
No stack trace

ERROR:
{
  "_events": {},
  "_eventsCount": 1,
  "outputData": [],
  "outputSize": 0,
  "writable": true,
  "destroyed": false,
  "_last": false,
  "chunkedEncoding": false,
  "shouldKeepAlive": true,
  "maxRequestsOnConnectionReached": false,
  "_defaultKeepAlive": true,
  "useChunkedEncodingByDefault": true,
  "sendDate": true,
  "_removedConnection": false,
  "_removedContLen": false,
  "_removedTE": false,
  "strictContentLength": false,
  "_contentLength": 45,
  "_hasBody": true,
  "_trailer": "",
  "finished": true,
  "_headerSent": true,
  "_closed": false,
  "_header": "HTTP/1.1 500 Internal Server Error\r\nX-Powered-By: Express\r\nContent-Type: application/json; charset=utf-8\r\nContent-Length: 45\r\nETag: W/\"2d-ZL8zPWfjZzhOckGQjtBYg5XzI/A\"\r\nDate: Sat, 22 Aug 2026 11:32:25 GMT\r\nConnection: keep-alive\r\nKeep-Alive: timeout=5\r\n\r\n",
  "_keepAliveTimeout": 5000,
  "req": {
    "_events": {},
    "_eventsCount": 4,
    "destroyed": true,
    "statusCode": null,
    "statusMessage": null
  },
  "_sent100": false,
  "_expect_continue": false,
  "_maxRequestsPerSocket": 0,
  "locals": {},
  "statusCode": 500,
  "statusMessage": "Internal Server Error"
}
==================================================

==================================================
TIME: 2026-08-22T11:32:30.585Z
METHOD: POST
URL: /api/v1/product
STATUS: 500
MESSAGE: Unknown error

STACK:
No stack trace

ERROR:
{
  "_events": {},
  "_eventsCount": 1,
  "outputData": [],
  "outputSize": 0,
  "writable": true,
  "destroyed": false,
  "_last": false,
  "chunkedEncoding": false,
  "shouldKeepAlive": true,
  "maxRequestsOnConnectionReached": false,
  "_defaultKeepAlive": true,
  "useChunkedEncodingByDefault": true,
  "sendDate": true,
  "_removedConnection": false,
  "_removedContLen": false,
  "_removedTE": false,
  "strictContentLength": false,
  "_contentLength": 45,
  "_hasBody": true,
  "_trailer": "",
  "finished": true,
  "_headerSent": true,
  "_closed": false,
  "_header": "HTTP/1.1 500 Internal Server Error\r\nX-Powered-By: Express\r\nContent-Type: application/json; charset=utf-8\r\nContent-Length: 45\r\nETag: W/\"2d-ZL8zPWfjZzhOckGQjtBYg5XzI/A\"\r\nDate: Sat, 22 Aug 2026 11:32:30 GMT\r\nConnection: keep-alive\r\nKeep-Alive: timeout=5\r\n\r\n",
  "_keepAliveTimeout": 5000,
  "req": {
    "_events": {},
    "_eventsCount": 4,
    "destroyed": true,
    "statusCode": null,
    "statusMessage": null
  },
  "_sent100": false,
  "_expect_continue": false,
  "_maxRequestsPerSocket": 0,
  "locals": {},
  "statusCode": 500,
  "statusMessage": "Internal Server Error"
}
==================================================

==================================================
TIME: 2026-08-22T11:32:35.690Z
METHOD: POST
URL: /api/v1/product
STATUS: 500
MESSAGE: Unknown error

STACK:
No stack trace

ERROR:
{
  "_events": {},
  "_eventsCount": 1,
  "outputData": [],
  "outputSize": 0,
  "writable": true,
  "destroyed": false,
  "_last": false,
  "chunkedEncoding": false,
  "shouldKeepAlive": true,
  "maxRequestsOnConnectionReached": false,
  "_defaultKeepAlive": true,
  "useChunkedEncodingByDefault": true,
  "sendDate": true,
  "_removedConnection": false,
  "_removedContLen": false,
  "_removedTE": false,
  "strictContentLength": false,
  "_contentLength": 45,
  "_hasBody": true,
  "_trailer": "",
  "finished": true,
  "_headerSent": true,
  "_closed": false,
  "_header": "HTTP/1.1 500 Internal Server Error\r\nX-Powered-By: Express\r\nContent-Type: application/json; charset=utf-8\r\nContent-Length: 45\r\nETag: W/\"2d-ZL8zPWfjZzhOckGQjtBYg5XzI/A\"\r\nDate: Sat, 22 Aug 2026 11:32:35 GMT\r\nConnection: keep-alive\r\nKeep-Alive: timeout=5\r\n\r\n",
  "_keepAliveTimeout": 5000,
  "req": {
    "_events": {},
    "_eventsCount": 4,
    "destroyed": true,
    "statusCode": null,
    "statusMessage": null
  },
  "_sent100": false,
  "_expect_continue": false,
  "_maxRequestsPerSocket": 0,
  "locals": {},
  "statusCode": 500,
  "statusMessage": "Internal Server Error"
}
==================================================

==================================================
TIME: 2026-08-22T11:32:40.791Z
METHOD: POST
URL: /api/v1/product
STATUS: 500
MESSAGE: Unknown error

STACK:
No stack trace

ERROR:
{
  "_events": {},
  "_eventsCount": 1,
  "outputData": [],
  "outputSize": 0,
  "writable": true,
  "destroyed": false,
  "_last": false,
  "chunkedEncoding": false,
  "shouldKeepAlive": true,
  "maxRequestsOnConnectionReached": false,
  "_defaultKeepAlive": true,
  "useChunkedEncodingByDefault": true,
  "sendDate": true,
  "_removedConnection": false,
  "_removedContLen": false,
  "_removedTE": false,
  "strictContentLength": false,
  "_contentLength": 45,
  "_hasBody": true,
  "_trailer": "",
  "finished": true,
  "_headerSent": true,
  "_closed": false,
  "_header": "HTTP/1.1 500 Internal Server Error\r\nX-Powered-By: Express\r\nContent-Type: application/json; charset=utf-8\r\nContent-Length: 45\r\nETag: W/\"2d-ZL8zPWfjZzhOckGQjtBYg5XzI/A\"\r\nDate: Sat, 22 Aug 2026 11:32:40 GMT\r\nConnection: keep-alive\r\nKeep-Alive: timeout=5\r\n\r\n",
  "_keepAliveTimeout": 5000,
  "req": {
    "_events": {},
    "_eventsCount": 4,
    "destroyed": true,
    "statusCode": null,
    "statusMessage": null
  },
  "_sent100": false,
  "_expect_continue": false,
  "_maxRequestsPerSocket": 0,
  "locals": {},
  "statusCode": 500,
  "statusMessage": "Internal Server Error"
}
==================================================

==================================================
TIME: 2026-08-22T11:32:45.896Z
METHOD: POST
URL: /api/v1/product
STATUS: 500
MESSAGE: Unknown error

STACK:
No stack trace

ERROR:
{
  "_events": {},
  "_eventsCount": 1,
  "outputData": [],
  "outputSize": 0,
  "writable": true,
  "destroyed": false,
  "_last": false,
  "chunkedEncoding": false,
  "shouldKeepAlive": true,
  "maxRequestsOnConnectionReached": false,
  "_defaultKeepAlive": true,
  "useChunkedEncodingByDefault": true,
  "sendDate": true,
  "_removedConnection": false,
  "_removedContLen": false,
  "_removedTE": false,
  "strictContentLength": false,
  "_contentLength": 45,
  "_hasBody": true,
  "_trailer": "",
  "finished": true,
  "_headerSent": true,
  "_closed": false,
  "_header": "HTTP/1.1 500 Internal Server Error\r\nX-Powered-By: Express\r\nContent-Type: application/json; charset=utf-8\r\nContent-Length: 45\r\nETag: W/\"2d-ZL8zPWfjZzhOckGQjtBYg5XzI/A\"\r\nDate: Sat, 22 Aug 2026 11:32:45 GMT\r\nConnection: keep-alive\r\nKeep-Alive: timeout=5\r\n\r\n",
  "_keepAliveTimeout": 5000,
  "req": {
    "_events": {},
    "_eventsCount": 4,
    "destroyed": true,
    "statusCode": null,
    "statusMessage": null
  },
  "_sent100": false,
  "_expect_continue": false,
  "_maxRequestsPerSocket": 0,
  "locals": {},
  "statusCode": 500,
  "statusMessage": "Internal Server Error"
}
==================================================

==================================================
TIME: 2026-08-24T07:25:18.865Z
METHOD: GET
URL: /api/v1/branches
STATUS: 401
MESSAGE: Unknown error

STACK:
No stack trace

ERROR:
{
  "_events": {},
  "_eventsCount": 1,
  "outputData": [],
  "outputSize": 0,
  "writable": true,
  "destroyed": false,
  "_last": false,
  "chunkedEncoding": false,
  "shouldKeepAlive": true,
  "maxRequestsOnConnectionReached": false,
  "_defaultKeepAlive": true,
  "useChunkedEncodingByDefault": true,
  "sendDate": true,
  "_removedConnection": false,
  "_removedContLen": false,
  "_removedTE": false,
  "strictContentLength": false,
  "_contentLength": 50,
  "_hasBody": true,
  "_trailer": "",
  "finished": true,
  "_headerSent": true,
  "_closed": false,
  "_header": "HTTP/1.1 401 Unauthorized\r\nX-Powered-By: Express\r\nContent-Type: application/json; charset=utf-8\r\nContent-Length: 50\r\nETag: W/\"32-HHf87yw4zMhkBISakmozvSX0cyA\"\r\nDate: Mon, 24 Aug 2026 07:25:18 GMT\r\nConnection: keep-alive\r\nKeep-Alive: timeout=5\r\n\r\n",
  "_keepAliveTimeout": 5000,
  "req": {
    "_events": {},
    "_eventsCount": 0,
    "destroyed": false,
    "statusCode": null,
    "statusMessage": null
  },
  "_sent100": false,
  "_expect_continue": false,
  "_maxRequestsPerSocket": 0,
  "locals": {},
  "statusCode": 401,
  "statusMessage": "Unauthorized"
}
==================================================

==================================================
TIME: 2026-08-24T07:25:22.471Z
METHOD: GET
URL: /api/v1/branches
STATUS: 401
MESSAGE: Unknown error

STACK:
No stack trace

ERROR:
{
  "_events": {},
  "_eventsCount": 1,
  "outputData": [],
  "outputSize": 0,
  "writable": true,
  "destroyed": false,
  "_last": false,
  "chunkedEncoding": false,
  "shouldKeepAlive": true,
  "maxRequestsOnConnectionReached": false,
  "_defaultKeepAlive": true,
  "useChunkedEncodingByDefault": true,
  "sendDate": true,
  "_removedConnection": false,
  "_removedContLen": false,
  "_removedTE": false,
  "strictContentLength": false,
  "_contentLength": 62,
  "_hasBody": true,
  "_trailer": "",
  "finished": true,
  "_headerSent": true,
  "_closed": false,
  "_header": "HTTP/1.1 401 Unauthorized\r\nX-Powered-By: Express\r\nContent-Type: application/json; charset=utf-8\r\nContent-Length: 62\r\nETag: W/\"3e-Bg6yxSA9KqdU8Jmk9mTaqTlN96s\"\r\nDate: Mon, 24 Aug 2026 07:25:22 GMT\r\nConnection: keep-alive\r\nKeep-Alive: timeout=5\r\n\r\n",
  "_keepAliveTimeout": 5000,
  "req": {
    "_events": {},
    "_eventsCount": 0,
    "destroyed": false,
    "statusCode": null,
    "statusMessage": null
  },
  "_sent100": false,
  "_expect_continue": false,
  "_maxRequestsPerSocket": 0,
  "locals": {},
  "statusCode": 401,
  "statusMessage": "Unauthorized"
}
==================================================

==================================================
TIME: 2026-08-24T07:25:50.985Z
METHOD: GET
URL: /api/v1/branches
STATUS: 401
MESSAGE: Unknown error

STACK:
No stack trace

ERROR:
{
  "_events": {},
  "_eventsCount": 1,
  "outputData": [],
  "outputSize": 0,
  "writable": true,
  "destroyed": false,
  "_last": false,
  "chunkedEncoding": false,
  "shouldKeepAlive": true,
  "maxRequestsOnConnectionReached": false,
  "_defaultKeepAlive": true,
  "useChunkedEncodingByDefault": true,
  "sendDate": true,
  "_removedConnection": false,
  "_removedContLen": false,
  "_removedTE": false,
  "strictContentLength": false,
  "_contentLength": 62,
  "_hasBody": true,
  "_trailer": "",
  "finished": true,
  "_headerSent": true,
  "_closed": false,
  "_header": "HTTP/1.1 401 Unauthorized\r\nX-Powered-By: Express\r\nContent-Type: application/json; charset=utf-8\r\nContent-Length: 62\r\nETag: W/\"3e-Bg6yxSA9KqdU8Jmk9mTaqTlN96s\"\r\nDate: Mon, 24 Aug 2026 07:25:50 GMT\r\nConnection: keep-alive\r\nKeep-Alive: timeout=5\r\n\r\n",
  "_keepAliveTimeout": 5000,
  "req": {
    "_events": {},
    "_eventsCount": 0,
    "destroyed": false,
    "statusCode": null,
    "statusMessage": null
  },
  "_sent100": false,
  "_expect_continue": false,
  "_maxRequestsPerSocket": 0,
  "locals": {},
  "statusCode": 401,
  "statusMessage": "Unauthorized"
}
==================================================

==================================================
TIME: 2026-08-24T07:26:06.279Z
METHOD: GET
URL: /api/v1/branches
STATUS: 401
MESSAGE: Unknown error

STACK:
No stack trace

ERROR:
{
  "_events": {},
  "_eventsCount": 1,
  "outputData": [],
  "outputSize": 0,
  "writable": true,
  "destroyed": false,
  "_last": false,
  "chunkedEncoding": false,
  "shouldKeepAlive": true,
  "maxRequestsOnConnectionReached": false,
  "_defaultKeepAlive": true,
  "useChunkedEncodingByDefault": true,
  "sendDate": true,
  "_removedConnection": false,
  "_removedContLen": false,
  "_removedTE": false,
  "strictContentLength": false,
  "_contentLength": 62,
  "_hasBody": true,
  "_trailer": "",
  "finished": true,
  "_headerSent": true,
  "_closed": false,
  "_header": "HTTP/1.1 401 Unauthorized\r\nX-Powered-By: Express\r\nContent-Type: application/json; charset=utf-8\r\nContent-Length: 62\r\nETag: W/\"3e-Bg6yxSA9KqdU8Jmk9mTaqTlN96s\"\r\nDate: Mon, 24 Aug 2026 07:26:06 GMT\r\nConnection: keep-alive\r\nKeep-Alive: timeout=5\r\n\r\n",
  "_keepAliveTimeout": 5000,
  "req": {
    "_events": {},
    "_eventsCount": 0,
    "destroyed": false,
    "statusCode": null,
    "statusMessage": null
  },
  "_sent100": false,
  "_expect_continue": false,
  "_maxRequestsPerSocket": 0,
  "locals": {},
  "statusCode": 401,
  "statusMessage": "Unauthorized"
}
==================================================

==================================================
TIME: 2026-08-24T07:28:17.412Z
METHOD: POST
URL: /api/v1/loginUser
STATUS: 500
MESSAGE: Unknown error

STACK:
No stack trace

ERROR:
{
  "_events": {},
  "_eventsCount": 1,
  "outputData": [],
  "outputSize": 0,
  "writable": true,
  "destroyed": true,
  "_last": false,
  "chunkedEncoding": false,
  "shouldKeepAlive": true,
  "maxRequestsOnConnectionReached": false,
  "_defaultKeepAlive": true,
  "useChunkedEncodingByDefault": true,
  "sendDate": true,
  "_removedConnection": false,
  "_removedContLen": false,
  "_removedTE": false,
  "strictContentLength": false,
  "_contentLength": null,
  "_hasBody": true,
  "_trailer": "",
  "finished": true,
  "_headerSent": false,
  "_closed": true,
  "_header": null,
  "_keepAliveTimeout": 5000,
  "req": {
    "_events": {},
    "_eventsCount": 0,
    "destroyed": true,
    "statusCode": null
  },
  "_sent100": false,
  "_expect_continue": false,
  "_maxRequestsPerSocket": 0,
  "locals": {},
  "statusCode": 500
}
==================================================

==================================================
TIME: 2026-08-24T07:39:45.018Z
METHOD: DELETE
URL: /api/v1/branch/O-001
STATUS: 500
MESSAGE: Unknown error

STACK:
No stack trace

ERROR:
{
  "_events": {},
  "_eventsCount": 1,
  "outputData": [],
  "outputSize": 0,
  "writable": true,
  "destroyed": false,
  "_last": false,
  "chunkedEncoding": false,
  "shouldKeepAlive": true,
  "maxRequestsOnConnectionReached": false,
  "_defaultKeepAlive": true,
  "useChunkedEncodingByDefault": true,
  "sendDate": true,
  "_removedConnection": false,
  "_removedContLen": false,
  "_removedTE": false,
  "strictContentLength": false,
  "_contentLength": 89,
  "_hasBody": true,
  "_trailer": "",
  "finished": true,
  "_headerSent": true,
  "_closed": false,
  "_header": "HTTP/1.1 500 Internal Server Error\r\nX-Powered-By: Express\r\nContent-Type: application/json; charset=utf-8\r\nContent-Length: 89\r\nETag: W/\"59-bQaGhKnUxVY8HSNj0NxFwmuu+9U\"\r\nDate: Mon, 24 Aug 2026 07:39:45 GMT\r\nConnection: keep-alive\r\nKeep-Alive: timeout=5\r\n\r\n",
  "_keepAliveTimeout": 5000,
  "req": {
    "_events": {},
    "_eventsCount": 0,
    "destroyed": false,
    "statusCode": null,
    "statusMessage": null
  },
  "_sent100": false,
  "_expect_continue": false,
  "_maxRequestsPerSocket": 0,
  "locals": {},
  "statusCode": 500,
  "statusMessage": "Internal Server Error"
}
==================================================

==================================================
TIME: 2026-08-24T07:39:59.682Z
METHOD: DELETE
URL: /api/v1/branch/O-001
STATUS: 500
MESSAGE: Unknown error

STACK:
No stack trace

ERROR:
{
  "_events": {},
  "_eventsCount": 1,
  "outputData": [],
  "outputSize": 0,
  "writable": true,
  "destroyed": false,
  "_last": false,
  "chunkedEncoding": false,
  "shouldKeepAlive": true,
  "maxRequestsOnConnectionReached": false,
  "_defaultKeepAlive": true,
  "useChunkedEncodingByDefault": true,
  "sendDate": true,
  "_removedConnection": false,
  "_removedContLen": false,
  "_removedTE": false,
  "strictContentLength": false,
  "_contentLength": 44,
  "_hasBody": true,
  "_trailer": "",
  "finished": true,
  "_headerSent": true,
  "_closed": false,
  "_header": "HTTP/1.1 500 Internal Server Error\r\nX-Powered-By: Express\r\nContent-Type: application/json; charset=utf-8\r\nContent-Length: 44\r\nETag: W/\"2c-d8bQufnVHPkQAgU3yz97bcjgvi8\"\r\nDate: Mon, 24 Aug 2026 07:39:59 GMT\r\nConnection: keep-alive\r\nKeep-Alive: timeout=5\r\n\r\n",
  "_keepAliveTimeout": 5000,
  "req": {
    "_events": {},
    "_eventsCount": 0,
    "destroyed": false,
    "statusCode": null,
    "statusMessage": null
  },
  "_sent100": false,
  "_expect_continue": false,
  "_maxRequestsPerSocket": 0,
  "locals": {},
  "statusCode": 500,
  "statusMessage": "Internal Server Error"
}
==================================================

==================================================
TIME: 2026-08-24T07:40:21.653Z
METHOD: DELETE
URL: /api/v1/branch/O-001
STATUS: 500
MESSAGE: Unknown error

STACK:
No stack trace

ERROR:
{
  "_events": {},
  "_eventsCount": 1,
  "outputData": [],
  "outputSize": 0,
  "writable": true,
  "destroyed": false,
  "_last": false,
  "chunkedEncoding": false,
  "shouldKeepAlive": true,
  "maxRequestsOnConnectionReached": false,
  "_defaultKeepAlive": true,
  "useChunkedEncodingByDefault": true,
  "sendDate": true,
  "_removedConnection": false,
  "_removedContLen": false,
  "_removedTE": false,
  "strictContentLength": false,
  "_contentLength": 44,
  "_hasBody": true,
  "_trailer": "",
  "finished": true,
  "_headerSent": true,
  "_closed": false,
  "_header": "HTTP/1.1 500 Internal Server Error\r\nX-Powered-By: Express\r\nContent-Type: application/json; charset=utf-8\r\nContent-Length: 44\r\nETag: W/\"2c-d8bQufnVHPkQAgU3yz97bcjgvi8\"\r\nDate: Mon, 24 Aug 2026 07:40:21 GMT\r\nConnection: keep-alive\r\nKeep-Alive: timeout=5\r\n\r\n",
  "_keepAliveTimeout": 5000,
  "req": {
    "_events": {},
    "_eventsCount": 0,
    "destroyed": false,
    "statusCode": null,
    "statusMessage": null
  },
  "_sent100": false,
  "_expect_continue": false,
  "_maxRequestsPerSocket": 0,
  "locals": {},
  "statusCode": 500,
  "statusMessage": "Internal Server Error"
}
==================================================

==================================================
TIME: 2026-08-24T07:40:50.325Z
METHOD: DELETE
URL: /api/v1/branch/O-001
STATUS: 500
MESSAGE: Unknown error

STACK:
No stack trace

ERROR:
{
  "_events": {},
  "_eventsCount": 1,
  "outputData": [],
  "outputSize": 0,
  "writable": true,
  "destroyed": false,
  "_last": false,
  "chunkedEncoding": false,
  "shouldKeepAlive": true,
  "maxRequestsOnConnectionReached": false,
  "_defaultKeepAlive": true,
  "useChunkedEncodingByDefault": true,
  "sendDate": true,
  "_removedConnection": false,
  "_removedContLen": false,
  "_removedTE": false,
  "strictContentLength": false,
  "_contentLength": 44,
  "_hasBody": true,
  "_trailer": "",
  "finished": true,
  "_headerSent": true,
  "_closed": false,
  "_header": "HTTP/1.1 500 Internal Server Error\r\nX-Powered-By: Express\r\nContent-Type: application/json; charset=utf-8\r\nContent-Length: 44\r\nETag: W/\"2c-d8bQufnVHPkQAgU3yz97bcjgvi8\"\r\nDate: Mon, 24 Aug 2026 07:40:50 GMT\r\nConnection: keep-alive\r\nKeep-Alive: timeout=5\r\n\r\n",
  "_keepAliveTimeout": 5000,
  "req": {
    "_events": {},
    "_eventsCount": 0,
    "destroyed": false,
    "statusCode": null,
    "statusMessage": null
  },
  "_sent100": false,
  "_expect_continue": false,
  "_maxRequestsPerSocket": 0,
  "locals": {},
  "statusCode": 500,
  "statusMessage": "Internal Server Error"
}
==================================================

==================================================
TIME: 2026-08-24T07:41:15.655Z
METHOD: DELETE
URL: /api/v1/branch/O-001
STATUS: 500
MESSAGE: Unknown error

STACK:
No stack trace

ERROR:
{
  "_events": {},
  "_eventsCount": 1,
  "outputData": [],
  "outputSize": 0,
  "writable": true,
  "destroyed": false,
  "_last": false,
  "chunkedEncoding": false,
  "shouldKeepAlive": true,
  "maxRequestsOnConnectionReached": false,
  "_defaultKeepAlive": true,
  "useChunkedEncodingByDefault": true,
  "sendDate": true,
  "_removedConnection": false,
  "_removedContLen": false,
  "_removedTE": false,
  "strictContentLength": false,
  "_contentLength": 44,
  "_hasBody": true,
  "_trailer": "",
  "finished": true,
  "_headerSent": true,
  "_closed": false,
  "_header": "HTTP/1.1 500 Internal Server Error\r\nX-Powered-By: Express\r\nContent-Type: application/json; charset=utf-8\r\nContent-Length: 44\r\nETag: W/\"2c-d8bQufnVHPkQAgU3yz97bcjgvi8\"\r\nDate: Mon, 24 Aug 2026 07:41:15 GMT\r\nConnection: keep-alive\r\nKeep-Alive: timeout=5\r\n\r\n",
  "_keepAliveTimeout": 5000,
  "req": {
    "_events": {},
    "_eventsCount": 0,
    "destroyed": false,
    "statusCode": null,
    "statusMessage": null
  },
  "_sent100": false,
  "_expect_continue": false,
  "_maxRequestsPerSocket": 0,
  "locals": {},
  "statusCode": 500,
  "statusMessage": "Internal Server Error"
}
==================================================

==================================================
TIME: 2026-08-24T07:42:17.727Z
METHOD: DELETE
URL: /api/v1/branch/O-001
STATUS: 500
MESSAGE: Unknown error

STACK:
No stack trace

ERROR:
{
  "_events": {},
  "_eventsCount": 1,
  "outputData": [],
  "outputSize": 0,
  "writable": true,
  "destroyed": false,
  "_last": false,
  "chunkedEncoding": false,
  "shouldKeepAlive": true,
  "maxRequestsOnConnectionReached": false,
  "_defaultKeepAlive": true,
  "useChunkedEncodingByDefault": true,
  "sendDate": true,
  "_removedConnection": false,
  "_removedContLen": false,
  "_removedTE": false,
  "strictContentLength": false,
  "_contentLength": 44,
  "_hasBody": true,
  "_trailer": "",
  "finished": true,
  "_headerSent": true,
  "_closed": false,
  "_header": "HTTP/1.1 500 Internal Server Error\r\nX-Powered-By: Express\r\nContent-Type: application/json; charset=utf-8\r\nContent-Length: 44\r\nETag: W/\"2c-d8bQufnVHPkQAgU3yz97bcjgvi8\"\r\nDate: Mon, 24 Aug 2026 07:42:17 GMT\r\nConnection: keep-alive\r\nKeep-Alive: timeout=5\r\n\r\n",
  "_keepAliveTimeout": 5000,
  "req": {
    "_events": {},
    "_eventsCount": 0,
    "destroyed": false,
    "statusCode": null,
    "statusMessage": null
  },
  "_sent100": false,
  "_expect_continue": false,
  "_maxRequestsPerSocket": 0,
  "locals": {},
  "statusCode": 500,
  "statusMessage": "Internal Server Error"
}
==================================================

==================================================
TIME: 2026-08-24T07:51:17.362Z
METHOD: DELETE
URL: /api/v1/branch/O-001
STATUS: 500
MESSAGE: Unknown error

STACK:
No stack trace

ERROR:
{
  "_events": {},
  "_eventsCount": 1,
  "outputData": [],
  "outputSize": 0,
  "writable": true,
  "destroyed": false,
  "_last": false,
  "chunkedEncoding": false,
  "shouldKeepAlive": true,
  "maxRequestsOnConnectionReached": false,
  "_defaultKeepAlive": true,
  "useChunkedEncodingByDefault": true,
  "sendDate": true,
  "_removedConnection": false,
  "_removedContLen": false,
  "_removedTE": false,
  "strictContentLength": false,
  "_contentLength": 44,
  "_hasBody": true,
  "_trailer": "",
  "finished": true,
  "_headerSent": true,
  "_closed": false,
  "_header": "HTTP/1.1 500 Internal Server Error\r\nX-Powered-By: Express\r\nContent-Type: application/json; charset=utf-8\r\nContent-Length: 44\r\nETag: W/\"2c-d8bQufnVHPkQAgU3yz97bcjgvi8\"\r\nDate: Mon, 24 Aug 2026 07:51:17 GMT\r\nConnection: keep-alive\r\nKeep-Alive: timeout=5\r\n\r\n",
  "_keepAliveTimeout": 5000,
  "req": {
    "_events": {},
    "_eventsCount": 0,
    "destroyed": false,
    "statusCode": null,
    "statusMessage": null
  },
  "_sent100": false,
  "_expect_continue": false,
  "_maxRequestsPerSocket": 0,
  "locals": {},
  "statusCode": 500,
  "statusMessage": "Internal Server Error"
}
==================================================

==================================================
TIME: 2026-08-24T07:51:41.194Z
METHOD: DELETE
URL: /api/v1/branch/O-001
STATUS: 500
MESSAGE: Unknown error

STACK:
No stack trace

ERROR:
{
  "_events": {},
  "_eventsCount": 1,
  "outputData": [],
  "outputSize": 0,
  "writable": true,
  "destroyed": false,
  "_last": false,
  "chunkedEncoding": false,
  "shouldKeepAlive": true,
  "maxRequestsOnConnectionReached": false,
  "_defaultKeepAlive": true,
  "useChunkedEncodingByDefault": true,
  "sendDate": true,
  "_removedConnection": false,
  "_removedContLen": false,
  "_removedTE": false,
  "strictContentLength": false,
  "_contentLength": 96,
  "_hasBody": true,
  "_trailer": "",
  "finished": true,
  "_headerSent": true,
  "_closed": false,
  "_header": "HTTP/1.1 500 Internal Server Error\r\nX-Powered-By: Express\r\nContent-Type: application/json; charset=utf-8\r\nContent-Length: 96\r\nETag: W/\"60-0nfJrt8QfpfxXi+JnxNRMdb7eSE\"\r\nDate: Mon, 24 Aug 2026 07:51:41 GMT\r\nConnection: keep-alive\r\nKeep-Alive: timeout=5\r\n\r\n",
  "_keepAliveTimeout": 5000,
  "req": {
    "_events": {},
    "_eventsCount": 0,
    "destroyed": false,
    "statusCode": null,
    "statusMessage": null
  },
  "_sent100": false,
  "_expect_continue": false,
  "_maxRequestsPerSocket": 0,
  "locals": {},
  "statusCode": 500,
  "statusMessage": "Internal Server Error"
}
==================================================

==================================================
TIME: 2026-08-24T07:52:19.126Z
METHOD: DELETE
URL: /api/v1/branch/O-001
STATUS: 500
MESSAGE: Unknown error

STACK:
No stack trace

ERROR:
{
  "_events": {},
  "_eventsCount": 1,
  "outputData": [],
  "outputSize": 0,
  "writable": true,
  "destroyed": false,
  "_last": false,
  "chunkedEncoding": false,
  "shouldKeepAlive": true,
  "maxRequestsOnConnectionReached": false,
  "_defaultKeepAlive": true,
  "useChunkedEncodingByDefault": true,
  "sendDate": true,
  "_removedConnection": false,
  "_removedContLen": false,
  "_removedTE": false,
  "strictContentLength": false,
  "_contentLength": 96,
  "_hasBody": true,
  "_trailer": "",
  "finished": true,
  "_headerSent": true,
  "_closed": false,
  "_header": "HTTP/1.1 500 Internal Server Error\r\nX-Powered-By: Express\r\nContent-Type: application/json; charset=utf-8\r\nContent-Length: 96\r\nETag: W/\"60-0nfJrt8QfpfxXi+JnxNRMdb7eSE\"\r\nDate: Mon, 24 Aug 2026 07:52:19 GMT\r\nConnection: keep-alive\r\nKeep-Alive: timeout=5\r\n\r\n",
  "_keepAliveTimeout": 5000,
  "req": {
    "_events": {},
    "_eventsCount": 0,
    "destroyed": false,
    "statusCode": null,
    "statusMessage": null
  },
  "_sent100": false,
  "_expect_continue": false,
  "_maxRequestsPerSocket": 0,
  "locals": {},
  "statusCode": 500,
  "statusMessage": "Internal Server Error"
}
==================================================

==================================================
TIME: 2026-08-24T07:52:43.664Z
METHOD: DELETE
URL: /api/v1/branch/O-001
STATUS: 400
MESSAGE: Unknown error

STACK:
No stack trace

ERROR:
{
  "_events": {},
  "_eventsCount": 1,
  "outputData": [],
  "outputSize": 0,
  "writable": true,
  "destroyed": false,
  "_last": false,
  "chunkedEncoding": false,
  "shouldKeepAlive": true,
  "maxRequestsOnConnectionReached": false,
  "_defaultKeepAlive": true,
  "useChunkedEncodingByDefault": true,
  "sendDate": true,
  "_removedConnection": false,
  "_removedContLen": false,
  "_removedTE": false,
  "strictContentLength": false,
  "_contentLength": 96,
  "_hasBody": true,
  "_trailer": "",
  "finished": true,
  "_headerSent": true,
  "_closed": false,
  "_header": "HTTP/1.1 400 Bad Request\r\nX-Powered-By: Express\r\nContent-Type: application/json; charset=utf-8\r\nContent-Length: 96\r\nETag: W/\"60-0nfJrt8QfpfxXi+JnxNRMdb7eSE\"\r\nDate: Mon, 24 Aug 2026 07:52:43 GMT\r\nConnection: keep-alive\r\nKeep-Alive: timeout=5\r\n\r\n",
  "_keepAliveTimeout": 5000,
  "req": {
    "_events": {},
    "_eventsCount": 0,
    "destroyed": false,
    "statusCode": null,
    "statusMessage": null
  },
  "_sent100": false,
  "_expect_continue": false,
  "_maxRequestsPerSocket": 0,
  "locals": {},
  "statusCode": 400,
  "statusMessage": "Bad Request"
}
==================================================

==================================================
TIME: 2026-08-24T07:52:48.929Z
METHOD: DELETE
URL: /api/v1/branch/O-001
STATUS: 400
MESSAGE: Unknown error

STACK:
No stack trace

ERROR:
{
  "_events": {},
  "_eventsCount": 1,
  "outputData": [],
  "outputSize": 0,
  "writable": true,
  "destroyed": false,
  "_last": false,
  "chunkedEncoding": false,
  "shouldKeepAlive": true,
  "maxRequestsOnConnectionReached": false,
  "_defaultKeepAlive": true,
  "useChunkedEncodingByDefault": true,
  "sendDate": true,
  "_removedConnection": false,
  "_removedContLen": false,
  "_removedTE": false,
  "strictContentLength": false,
  "_contentLength": 96,
  "_hasBody": true,
  "_trailer": "",
  "finished": true,
  "_headerSent": true,
  "_closed": false,
  "_header": "HTTP/1.1 400 Bad Request\r\nX-Powered-By: Express\r\nContent-Type: application/json; charset=utf-8\r\nContent-Length: 96\r\nETag: W/\"60-0nfJrt8QfpfxXi+JnxNRMdb7eSE\"\r\nDate: Mon, 24 Aug 2026 07:52:48 GMT\r\nConnection: keep-alive\r\nKeep-Alive: timeout=5\r\n\r\n",
  "_keepAliveTimeout": 5000,
  "req": {
    "_events": {},
    "_eventsCount": 0,
    "destroyed": false,
    "statusCode": null,
    "statusMessage": null
  },
  "_sent100": false,
  "_expect_continue": false,
  "_maxRequestsPerSocket": 0,
  "locals": {},
  "statusCode": 400,
  "statusMessage": "Bad Request"
}
==================================================

==================================================
TIME: 2026-08-24T07:59:17.912Z
METHOD: DELETE
URL: /api/v1/branch/O-001
STATUS: 400
MESSAGE: Unknown error

STACK:
No stack trace

ERROR:
{
  "_events": {},
  "_eventsCount": 1,
  "outputData": [],
  "outputSize": 0,
  "writable": true,
  "destroyed": false,
  "_last": false,
  "chunkedEncoding": false,
  "shouldKeepAlive": true,
  "maxRequestsOnConnectionReached": false,
  "_defaultKeepAlive": true,
  "useChunkedEncodingByDefault": true,
  "sendDate": true,
  "_removedConnection": false,
  "_removedContLen": false,
  "_removedTE": false,
  "strictContentLength": false,
  "_contentLength": 96,
  "_hasBody": true,
  "_trailer": "",
  "finished": true,
  "_headerSent": true,
  "_closed": false,
  "_header": "HTTP/1.1 400 Bad Request\r\nX-Powered-By: Express\r\nContent-Type: application/json; charset=utf-8\r\nContent-Length: 96\r\nETag: W/\"60-0nfJrt8QfpfxXi+JnxNRMdb7eSE\"\r\nDate: Mon, 24 Aug 2026 07:59:17 GMT\r\nConnection: keep-alive\r\nKeep-Alive: timeout=5\r\n\r\n",
  "_keepAliveTimeout": 5000,
  "req": {
    "_events": {},
    "_eventsCount": 0,
    "destroyed": false,
    "statusCode": null,
    "statusMessage": null
  },
  "_sent100": false,
  "_expect_continue": false,
  "_maxRequestsPerSocket": 0,
  "locals": {},
  "statusCode": 400,
  "statusMessage": "Bad Request"
}
==================================================

==================================================
TIME: 2026-08-24T08:00:14.182Z
METHOD: DELETE
URL: /api/v1/branch/O-001
STATUS: 400
MESSAGE: Unknown error

STACK:
No stack trace

ERROR:
{
  "_events": {},
  "_eventsCount": 1,
  "outputData": [],
  "outputSize": 0,
  "writable": true,
  "destroyed": false,
  "_last": false,
  "chunkedEncoding": false,
  "shouldKeepAlive": true,
  "maxRequestsOnConnectionReached": false,
  "_defaultKeepAlive": true,
  "useChunkedEncodingByDefault": true,
  "sendDate": true,
  "_removedConnection": false,
  "_removedContLen": false,
  "_removedTE": false,
  "strictContentLength": false,
  "_contentLength": 96,
  "_hasBody": true,
  "_trailer": "",
  "finished": true,
  "_headerSent": true,
  "_closed": false,
  "_header": "HTTP/1.1 400 Bad Request\r\nX-Powered-By: Express\r\nContent-Type: application/json; charset=utf-8\r\nContent-Length: 96\r\nETag: W/\"60-0nfJrt8QfpfxXi+JnxNRMdb7eSE\"\r\nDate: Mon, 24 Aug 2026 08:00:14 GMT\r\nConnection: keep-alive\r\nKeep-Alive: timeout=5\r\n\r\n",
  "_keepAliveTimeout": 5000,
  "req": {
    "_events": {},
    "_eventsCount": 0,
    "destroyed": false,
    "statusCode": null,
    "statusMessage": null
  },
  "_sent100": false,
  "_expect_continue": false,
  "_maxRequestsPerSocket": 0,
  "locals": {},
  "statusCode": 400,
  "statusMessage": "Bad Request"
}
==================================================

==================================================
TIME: 2026-08-24T08:04:05.896Z
METHOD: DELETE
URL: /api/v1/branch/O-001
STATUS: 400
MESSAGE: Unknown error

STACK:
No stack trace

ERROR:
{
  "_events": {},
  "_eventsCount": 1,
  "outputData": [],
  "outputSize": 0,
  "writable": true,
  "destroyed": false,
  "_last": false,
  "chunkedEncoding": false,
  "shouldKeepAlive": true,
  "maxRequestsOnConnectionReached": false,
  "_defaultKeepAlive": true,
  "useChunkedEncodingByDefault": true,
  "sendDate": true,
  "_removedConnection": false,
  "_removedContLen": false,
  "_removedTE": false,
  "strictContentLength": false,
  "_contentLength": 96,
  "_hasBody": true,
  "_trailer": "",
  "finished": true,
  "_headerSent": true,
  "_closed": false,
  "_header": "HTTP/1.1 400 Bad Request\r\nX-Powered-By: Express\r\nContent-Type: application/json; charset=utf-8\r\nContent-Length: 96\r\nETag: W/\"60-0nfJrt8QfpfxXi+JnxNRMdb7eSE\"\r\nDate: Mon, 24 Aug 2026 08:04:05 GMT\r\nConnection: keep-alive\r\nKeep-Alive: timeout=5\r\n\r\n",
  "_keepAliveTimeout": 5000,
  "req": {
    "_events": {},
    "_eventsCount": 0,
    "destroyed": false,
    "statusCode": null,
    "statusMessage": null
  },
  "_sent100": false,
  "_expect_continue": false,
  "_maxRequestsPerSocket": 0,
  "locals": {},
  "statusCode": 400,
  "statusMessage": "Bad Request"
}
==================================================

==================================================
TIME: 2026-08-24T08:04:27.718Z
METHOD: DELETE
URL: /api/v1/branch/O-001
STATUS: 400
MESSAGE: Unknown error

STACK:
No stack trace

ERROR:
{
  "_events": {},
  "_eventsCount": 1,
  "outputData": [],
  "outputSize": 0,
  "writable": true,
  "destroyed": false,
  "_last": false,
  "chunkedEncoding": false,
  "shouldKeepAlive": true,
  "maxRequestsOnConnectionReached": false,
  "_defaultKeepAlive": true,
  "useChunkedEncodingByDefault": true,
  "sendDate": true,
  "_removedConnection": false,
  "_removedContLen": false,
  "_removedTE": false,
  "strictContentLength": false,
  "_contentLength": 96,
  "_hasBody": true,
  "_trailer": "",
  "finished": true,
  "_headerSent": true,
  "_closed": false,
  "_header": "HTTP/1.1 400 Bad Request\r\nX-Powered-By: Express\r\nContent-Type: application/json; charset=utf-8\r\nContent-Length: 96\r\nETag: W/\"60-0nfJrt8QfpfxXi+JnxNRMdb7eSE\"\r\nDate: Mon, 24 Aug 2026 08:04:27 GMT\r\nConnection: keep-alive\r\nKeep-Alive: timeout=5\r\n\r\n",
  "_keepAliveTimeout": 5000,
  "req": {
    "_events": {},
    "_eventsCount": 0,
    "destroyed": false,
    "statusCode": null,
    "statusMessage": null
  },
  "_sent100": false,
  "_expect_continue": false,
  "_maxRequestsPerSocket": 0,
  "locals": {},
  "statusCode": 400,
  "statusMessage": "Bad Request"
}
==================================================

==================================================
TIME: 2026-08-24T11:20:36.885Z
METHOD: DELETE
URL: /api/v1/branch/O-001
STATUS: 400
MESSAGE: Unknown error

STACK:
No stack trace

ERROR:
{
  "_events": {},
  "_eventsCount": 1,
  "outputData": [],
  "outputSize": 0,
  "writable": true,
  "destroyed": false,
  "_last": false,
  "chunkedEncoding": false,
  "shouldKeepAlive": true,
  "maxRequestsOnConnectionReached": false,
  "_defaultKeepAlive": true,
  "useChunkedEncodingByDefault": true,
  "sendDate": true,
  "_removedConnection": false,
  "_removedContLen": false,
  "_removedTE": false,
  "strictContentLength": false,
  "_contentLength": 96,
  "_hasBody": true,
  "_trailer": "",
  "finished": true,
  "_headerSent": true,
  "_closed": false,
  "_header": "HTTP/1.1 400 Bad Request\r\nX-Powered-By: Express\r\nContent-Type: application/json; charset=utf-8\r\nContent-Length: 96\r\nETag: W/\"60-0nfJrt8QfpfxXi+JnxNRMdb7eSE\"\r\nDate: Mon, 24 Aug 2026 11:20:36 GMT\r\nConnection: keep-alive\r\nKeep-Alive: timeout=5\r\n\r\n",
  "_keepAliveTimeout": 5000,
  "req": {
    "_events": {},
    "_eventsCount": 0,
    "destroyed": false,
    "statusCode": null,
    "statusMessage": null
  },
  "_sent100": false,
  "_expect_continue": false,
  "_maxRequestsPerSocket": 0,
  "locals": {},
  "statusCode": 400,
  "statusMessage": "Bad Request"
}
==================================================

==================================================
TIME: 2026-08-24T11:57:19.258Z
METHOD: DELETE
URL: /api/v1/branch/O-001
STATUS: 400
MESSAGE: Unknown error

STACK:
No stack trace

ERROR:
{
  "_events": {},
  "_eventsCount": 1,
  "outputData": [],
  "outputSize": 0,
  "writable": true,
  "destroyed": false,
  "_last": false,
  "chunkedEncoding": false,
  "shouldKeepAlive": true,
  "maxRequestsOnConnectionReached": false,
  "_defaultKeepAlive": true,
  "useChunkedEncodingByDefault": true,
  "sendDate": true,
  "_removedConnection": false,
  "_removedContLen": false,
  "_removedTE": false,
  "strictContentLength": false,
  "_contentLength": 96,
  "_hasBody": true,
  "_trailer": "",
  "finished": true,
  "_headerSent": true,
  "_closed": false,
  "_header": "HTTP/1.1 400 Bad Request\r\nX-Powered-By: Express\r\nContent-Type: application/json; charset=utf-8\r\nContent-Length: 96\r\nETag: W/\"60-0nfJrt8QfpfxXi+JnxNRMdb7eSE\"\r\nDate: Mon, 24 Aug 2026 11:57:19 GMT\r\nConnection: keep-alive\r\nKeep-Alive: timeout=5\r\n\r\n",
  "_keepAliveTimeout": 5000,
  "req": {
    "_events": {},
    "_eventsCount": 0,
    "destroyed": false,
    "statusCode": null,
    "statusMessage": null
  },
  "_sent100": false,
  "_expect_continue": false,
  "_maxRequestsPerSocket": 0,
  "locals": {},
  "statusCode": 400,
  "statusMessage": "Bad Request"
}
==================================================

==================================================
TIME: 2026-08-24T11:57:43.884Z
METHOD: DELETE
URL: /api/v1/branch/O-001
STATUS: 400
MESSAGE: Unknown error

STACK:
No stack trace

ERROR:
{
  "_events": {},
  "_eventsCount": 1,
  "outputData": [],
  "outputSize": 0,
  "writable": true,
  "destroyed": false,
  "_last": false,
  "chunkedEncoding": false,
  "shouldKeepAlive": true,
  "maxRequestsOnConnectionReached": false,
  "_defaultKeepAlive": true,
  "useChunkedEncodingByDefault": true,
  "sendDate": true,
  "_removedConnection": false,
  "_removedContLen": false,
  "_removedTE": false,
  "strictContentLength": false,
  "_contentLength": 96,
  "_hasBody": true,
  "_trailer": "",
  "finished": true,
  "_headerSent": true,
  "_closed": false,
  "_header": "HTTP/1.1 400 Bad Request\r\nX-Powered-By: Express\r\nContent-Type: application/json; charset=utf-8\r\nContent-Length: 96\r\nETag: W/\"60-0nfJrt8QfpfxXi+JnxNRMdb7eSE\"\r\nDate: Mon, 24 Aug 2026 11:57:43 GMT\r\nConnection: keep-alive\r\nKeep-Alive: timeout=5\r\n\r\n",
  "_keepAliveTimeout": 5000,
  "req": {
    "_events": {},
    "_eventsCount": 0,
    "destroyed": false,
    "statusCode": null,
    "statusMessage": null
  },
  "_sent100": false,
  "_expect_continue": false,
  "_maxRequestsPerSocket": 0,
  "locals": {},
  "statusCode": 400,
  "statusMessage": "Bad Request"
}
==================================================

==================================================
TIME: 2026-08-24T11:58:02.165Z
METHOD: DELETE
URL: /api/v1/branch/O-001
STATUS: 400
MESSAGE: Unknown error

STACK:
No stack trace

ERROR:
{
  "_events": {},
  "_eventsCount": 1,
  "outputData": [],
  "outputSize": 0,
  "writable": true,
  "destroyed": false,
  "_last": false,
  "chunkedEncoding": false,
  "shouldKeepAlive": true,
  "maxRequestsOnConnectionReached": false,
  "_defaultKeepAlive": true,
  "useChunkedEncodingByDefault": true,
  "sendDate": true,
  "_removedConnection": false,
  "_removedContLen": false,
  "_removedTE": false,
  "strictContentLength": false,
  "_contentLength": 96,
  "_hasBody": true,
  "_trailer": "",
  "finished": true,
  "_headerSent": true,
  "_closed": false,
  "_header": "HTTP/1.1 400 Bad Request\r\nX-Powered-By: Express\r\nContent-Type: application/json; charset=utf-8\r\nContent-Length: 96\r\nETag: W/\"60-0nfJrt8QfpfxXi+JnxNRMdb7eSE\"\r\nDate: Mon, 24 Aug 2026 11:58:02 GMT\r\nConnection: keep-alive\r\nKeep-Alive: timeout=5\r\n\r\n",
  "_keepAliveTimeout": 5000,
  "req": {
    "_events": {},
    "_eventsCount": 0,
    "destroyed": false,
    "statusCode": null,
    "statusMessage": null
  },
  "_sent100": false,
  "_expect_continue": false,
  "_maxRequestsPerSocket": 0,
  "locals": {},
  "statusCode": 400,
  "statusMessage": "Bad Request"
}
==================================================

==================================================
TIME: 2026-08-24T11:58:28.601Z
METHOD: DELETE
URL: /api/v1/branch/O-001
STATUS: 400
MESSAGE: Unknown error

STACK:
No stack trace

ERROR:
{
  "_events": {},
  "_eventsCount": 1,
  "outputData": [],
  "outputSize": 0,
  "writable": true,
  "destroyed": false,
  "_last": false,
  "chunkedEncoding": false,
  "shouldKeepAlive": true,
  "maxRequestsOnConnectionReached": false,
  "_defaultKeepAlive": true,
  "useChunkedEncodingByDefault": true,
  "sendDate": true,
  "_removedConnection": false,
  "_removedContLen": false,
  "_removedTE": false,
  "strictContentLength": false,
  "_contentLength": 96,
  "_hasBody": true,
  "_trailer": "",
  "finished": true,
  "_headerSent": true,
  "_closed": false,
  "_header": "HTTP/1.1 400 Bad Request\r\nX-Powered-By: Express\r\nContent-Type: application/json; charset=utf-8\r\nContent-Length: 96\r\nETag: W/\"60-0nfJrt8QfpfxXi+JnxNRMdb7eSE\"\r\nDate: Mon, 24 Aug 2026 11:58:28 GMT\r\nConnection: keep-alive\r\nKeep-Alive: timeout=5\r\n\r\n",
  "_keepAliveTimeout": 5000,
  "req": {
    "_events": {},
    "_eventsCount": 0,
    "destroyed": false,
    "statusCode": null,
    "statusMessage": null
  },
  "_sent100": false,
  "_expect_continue": false,
  "_maxRequestsPerSocket": 0,
  "locals": {},
  "statusCode": 400,
  "statusMessage": "Bad Request"
}
==================================================

==================================================
TIME: 2026-08-24T11:59:18.819Z
METHOD: DELETE
URL: /api/v1/branch/O-001
STATUS: 400
MESSAGE: Unknown error

STACK:
No stack trace

ERROR:
{
  "_events": {},
  "_eventsCount": 1,
  "outputData": [],
  "outputSize": 0,
  "writable": true,
  "destroyed": false,
  "_last": false,
  "chunkedEncoding": false,
  "shouldKeepAlive": true,
  "maxRequestsOnConnectionReached": false,
  "_defaultKeepAlive": true,
  "useChunkedEncodingByDefault": true,
  "sendDate": true,
  "_removedConnection": false,
  "_removedContLen": false,
  "_removedTE": false,
  "strictContentLength": false,
  "_contentLength": 96,
  "_hasBody": true,
  "_trailer": "",
  "finished": true,
  "_headerSent": true,
  "_closed": false,
  "_header": "HTTP/1.1 400 Bad Request\r\nX-Powered-By: Express\r\nContent-Type: application/json; charset=utf-8\r\nContent-Length: 96\r\nETag: W/\"60-0nfJrt8QfpfxXi+JnxNRMdb7eSE\"\r\nDate: Mon, 24 Aug 2026 11:59:18 GMT\r\nConnection: keep-alive\r\nKeep-Alive: timeout=5\r\n\r\n",
  "_keepAliveTimeout": 5000,
  "req": {
    "_events": {},
    "_eventsCount": 0,
    "destroyed": false,
    "statusCode": null,
    "statusMessage": null
  },
  "_sent100": false,
  "_expect_continue": false,
  "_maxRequestsPerSocket": 0,
  "locals": {},
  "statusCode": 400,
  "statusMessage": "Bad Request"
}
==================================================

==================================================
TIME: 2026-08-24T12:00:06.802Z
METHOD: DELETE
URL: /api/v1/branch/O-001
STATUS: 400
MESSAGE: Unknown error

STACK:
No stack trace

ERROR:
{
  "_events": {},
  "_eventsCount": 1,
  "outputData": [],
  "outputSize": 0,
  "writable": true,
  "destroyed": false,
  "_last": false,
  "chunkedEncoding": false,
  "shouldKeepAlive": true,
  "maxRequestsOnConnectionReached": false,
  "_defaultKeepAlive": true,
  "useChunkedEncodingByDefault": true,
  "sendDate": true,
  "_removedConnection": false,
  "_removedContLen": false,
  "_removedTE": false,
  "strictContentLength": false,
  "_contentLength": 96,
  "_hasBody": true,
  "_trailer": "",
  "finished": true,
  "_headerSent": true,
  "_closed": false,
  "_header": "HTTP/1.1 400 Bad Request\r\nX-Powered-By: Express\r\nContent-Type: application/json; charset=utf-8\r\nContent-Length: 96\r\nETag: W/\"60-0nfJrt8QfpfxXi+JnxNRMdb7eSE\"\r\nDate: Mon, 24 Aug 2026 12:00:06 GMT\r\nConnection: keep-alive\r\nKeep-Alive: timeout=5\r\n\r\n",
  "_keepAliveTimeout": 5000,
  "req": {
    "_events": {},
    "_eventsCount": 0,
    "destroyed": false,
    "statusCode": null,
    "statusMessage": null
  },
  "_sent100": false,
  "_expect_continue": false,
  "_maxRequestsPerSocket": 0,
  "locals": {},
  "statusCode": 400,
  "statusMessage": "Bad Request"
}
==================================================

==================================================
TIME: 2026-08-24T14:24:27.583Z
METHOD: DELETE
URL: /api/v1/branch/B-002
STATUS: 400
MESSAGE: Unknown error

STACK:
No stack trace

ERROR:
{
  "_events": {},
  "_eventsCount": 1,
  "outputData": [],
  "outputSize": 0,
  "writable": true,
  "destroyed": false,
  "_last": false,
  "chunkedEncoding": false,
  "shouldKeepAlive": true,
  "maxRequestsOnConnectionReached": false,
  "_defaultKeepAlive": true,
  "useChunkedEncodingByDefault": true,
  "sendDate": true,
  "_removedConnection": false,
  "_removedContLen": false,
  "_removedTE": false,
  "strictContentLength": false,
  "_contentLength": 96,
  "_hasBody": true,
  "_trailer": "",
  "finished": true,
  "_headerSent": true,
  "_closed": false,
  "_header": "HTTP/1.1 400 Bad Request\r\nX-Powered-By: Express\r\nContent-Type: application/json; charset=utf-8\r\nContent-Length: 96\r\nETag: W/\"60-SJNTW+Rt3o9DYzlXLjkVADXT1yE\"\r\nDate: Mon, 24 Aug 2026 14:24:27 GMT\r\nConnection: keep-alive\r\nKeep-Alive: timeout=5\r\n\r\n",
  "_keepAliveTimeout": 5000,
  "req": {
    "_events": {},
    "_eventsCount": 0,
    "destroyed": false,
    "statusCode": null,
    "statusMessage": null
  },
  "_sent100": false,
  "_expect_continue": false,
  "_maxRequestsPerSocket": 0,
  "locals": {},
  "statusCode": 400,
  "statusMessage": "Bad Request"
}
==================================================

==================================================
TIME: 2026-08-24T14:27:36.091Z
METHOD: DELETE
URL: /api/v1/branch/B-003
STATUS: 400
MESSAGE: Unknown error

STACK:
No stack trace

ERROR:
{
  "_events": {},
  "_eventsCount": 1,
  "outputData": [],
  "outputSize": 0,
  "writable": true,
  "destroyed": false,
  "_last": false,
  "chunkedEncoding": false,
  "shouldKeepAlive": true,
  "maxRequestsOnConnectionReached": false,
  "_defaultKeepAlive": true,
  "useChunkedEncodingByDefault": true,
  "sendDate": true,
  "_removedConnection": false,
  "_removedContLen": false,
  "_removedTE": false,
  "strictContentLength": false,
  "_contentLength": 96,
  "_hasBody": true,
  "_trailer": "",
  "finished": true,
  "_headerSent": true,
  "_closed": false,
  "_header": "HTTP/1.1 400 Bad Request\r\nX-Powered-By: Express\r\nContent-Type: application/json; charset=utf-8\r\nContent-Length: 96\r\nETag: W/\"60-CcpVqPR9dSfPlV4FES8iNYjaxFg\"\r\nDate: Mon, 24 Aug 2026 14:27:36 GMT\r\nConnection: keep-alive\r\nKeep-Alive: timeout=5\r\n\r\n",
  "_keepAliveTimeout": 5000,
  "req": {
    "_events": {},
    "_eventsCount": 0,
    "destroyed": false,
    "statusCode": null,
    "statusMessage": null
  },
  "_sent100": false,
  "_expect_continue": false,
  "_maxRequestsPerSocket": 0,
  "locals": {},
  "statusCode": 400,
  "statusMessage": "Bad Request"
}
==================================================

==================================================
TIME: 2026-08-24T14:27:54.224Z
METHOD: DELETE
URL: /api/v1/branch/B-003
STATUS: 400
MESSAGE: Unknown error

STACK:
No stack trace

ERROR:
{
  "_events": {},
  "_eventsCount": 1,
  "outputData": [],
  "outputSize": 0,
  "writable": true,
  "destroyed": false,
  "_last": false,
  "chunkedEncoding": false,
  "shouldKeepAlive": true,
  "maxRequestsOnConnectionReached": false,
  "_defaultKeepAlive": true,
  "useChunkedEncodingByDefault": true,
  "sendDate": true,
  "_removedConnection": false,
  "_removedContLen": false,
  "_removedTE": false,
  "strictContentLength": false,
  "_contentLength": 96,
  "_hasBody": true,
  "_trailer": "",
  "finished": true,
  "_headerSent": true,
  "_closed": false,
  "_header": "HTTP/1.1 400 Bad Request\r\nX-Powered-By: Express\r\nContent-Type: application/json; charset=utf-8\r\nContent-Length: 96\r\nETag: W/\"60-CcpVqPR9dSfPlV4FES8iNYjaxFg\"\r\nDate: Mon, 24 Aug 2026 14:27:54 GMT\r\nConnection: keep-alive\r\nKeep-Alive: timeout=5\r\n\r\n",
  "_keepAliveTimeout": 5000,
  "req": {
    "_events": {},
    "_eventsCount": 0,
    "destroyed": false,
    "statusCode": null,
    "statusMessage": null
  },
  "_sent100": false,
  "_expect_continue": false,
  "_maxRequestsPerSocket": 0,
  "locals": {},
  "statusCode": 400,
  "statusMessage": "Bad Request"
}
==================================================

==================================================
TIME: 2026-08-24T14:54:09.492Z
METHOD: POST
URL: /api/v1/product
STATUS: 500
MESSAGE: Unknown error

STACK:
No stack trace

ERROR:
{
  "_events": {},
  "_eventsCount": 1,
  "outputData": [],
  "outputSize": 0,
  "writable": true,
  "destroyed": false,
  "_last": false,
  "chunkedEncoding": false,
  "shouldKeepAlive": true,
  "maxRequestsOnConnectionReached": false,
  "_defaultKeepAlive": true,
  "useChunkedEncodingByDefault": true,
  "sendDate": true,
  "_removedConnection": false,
  "_removedContLen": false,
  "_removedTE": false,
  "strictContentLength": false,
  "_contentLength": 45,
  "_hasBody": true,
  "_trailer": "",
  "finished": true,
  "_headerSent": true,
  "_closed": false,
  "_header": "HTTP/1.1 500 Internal Server Error\r\nX-Powered-By: Express\r\nContent-Type: application/json; charset=utf-8\r\nContent-Length: 45\r\nETag: W/\"2d-ZL8zPWfjZzhOckGQjtBYg5XzI/A\"\r\nDate: Mon, 24 Aug 2026 14:54:09 GMT\r\nConnection: keep-alive\r\nKeep-Alive: timeout=5\r\n\r\n",
  "_keepAliveTimeout": 5000,
  "req": {
    "_events": {},
    "_eventsCount": 4,
    "destroyed": true,
    "statusCode": null,
    "statusMessage": null
  },
  "_sent100": false,
  "_expect_continue": false,
  "_maxRequestsPerSocket": 0,
  "locals": {},
  "statusCode": 500,
  "statusMessage": "Internal Server Error"
}
==================================================

==================================================
TIME: 2026-08-25T09:27:11.690Z
METHOD: POST
URL: /api/v1/loginCustomer
STATUS: 500
MESSAGE: Unknown error

STACK:
No stack trace

ERROR:
{
  "_events": {},
  "_eventsCount": 1,
  "outputData": [],
  "outputSize": 0,
  "writable": true,
  "destroyed": true,
  "_last": false,
  "chunkedEncoding": false,
  "shouldKeepAlive": true,
  "maxRequestsOnConnectionReached": false,
  "_defaultKeepAlive": true,
  "useChunkedEncodingByDefault": true,
  "sendDate": true,
  "_removedConnection": false,
  "_removedContLen": false,
  "_removedTE": false,
  "strictContentLength": false,
  "_contentLength": null,
  "_hasBody": true,
  "_trailer": "",
  "finished": true,
  "_headerSent": false,
  "_closed": true,
  "_header": null,
  "_keepAliveTimeout": 5000,
  "req": {
    "_events": {},
    "_eventsCount": 0,
    "destroyed": true,
    "statusCode": null
  },
  "_sent100": false,
  "_expect_continue": false,
  "_maxRequestsPerSocket": 0,
  "locals": {},
  "statusCode": 500
}
==================================================

==================================================
TIME: 2026-08-25T09:27:51.186Z
METHOD: POST
URL: /api/v1/loginCustomer
STATUS: 500
MESSAGE: Unknown error

STACK:
No stack trace

ERROR:
{
  "_events": {},
  "_eventsCount": 1,
  "outputData": [],
  "outputSize": 0,
  "writable": true,
  "destroyed": true,
  "_last": false,
  "chunkedEncoding": false,
  "shouldKeepAlive": true,
  "maxRequestsOnConnectionReached": false,
  "_defaultKeepAlive": true,
  "useChunkedEncodingByDefault": true,
  "sendDate": true,
  "_removedConnection": false,
  "_removedContLen": false,
  "_removedTE": false,
  "strictContentLength": false,
  "_contentLength": null,
  "_hasBody": true,
  "_trailer": "",
  "finished": true,
  "_headerSent": false,
  "_closed": true,
  "_header": null,
  "_keepAliveTimeout": 5000,
  "req": {
    "_events": {},
    "_eventsCount": 0,
    "destroyed": true,
    "statusCode": null
  },
  "_sent100": false,
  "_expect_continue": false,
  "_maxRequestsPerSocket": 0,
  "locals": {},
  "statusCode": 500
}
==================================================

==================================================
TIME: 2026-08-25T09:29:05.747Z
METHOD: POST
URL: /api/v1/loginCustomer
STATUS: 401
MESSAGE: Unknown error

STACK:
No stack trace

ERROR:
{
  "_events": {},
  "_eventsCount": 1,
  "outputData": [],
  "outputSize": 0,
  "writable": true,
  "destroyed": false,
  "_last": false,
  "chunkedEncoding": false,
  "shouldKeepAlive": true,
  "maxRequestsOnConnectionReached": false,
  "_defaultKeepAlive": true,
  "useChunkedEncodingByDefault": true,
  "sendDate": true,
  "_removedConnection": false,
  "_removedContLen": false,
  "_removedTE": false,
  "strictContentLength": false,
  "_contentLength": 62,
  "_hasBody": true,
  "_trailer": "",
  "finished": true,
  "_headerSent": true,
  "_closed": false,
  "_header": "HTTP/1.1 401 Unauthorized\r\nX-Powered-By: Express\r\nContent-Type: application/json; charset=utf-8\r\nContent-Length: 62\r\nETag: W/\"3e-ISUqlZLAu4gYZDuQYsVW1hycBoM\"\r\nDate: Tue, 25 Aug 2026 09:29:05 GMT\r\nConnection: keep-alive\r\nKeep-Alive: timeout=5\r\n\r\n",
  "_keepAliveTimeout": 5000,
  "req": {
    "_events": {},
    "_eventsCount": 0,
    "destroyed": true,
    "statusCode": null,
    "statusMessage": null
  },
  "_sent100": false,
  "_expect_continue": false,
  "_maxRequestsPerSocket": 0,
  "locals": {},
  "statusCode": 401,
  "statusMessage": "Unauthorized"
}
==================================================

==================================================
TIME: 2026-08-25T09:41:04.190Z
METHOD: POST
URL: /api/v1/country
STATUS: 500
MESSAGE: Cannot convert undefined or null to object

STACK:
TypeError: Cannot convert undefined or null to object
    at Object.keys (<anonymous>)
    at errorHandler (file:///Users/maymk/Documents/My%20Backend/My%20Pjs/expressFirstProject/src/middlewares/error.middleware.mjs:8:30)
    at Layer.handleError (/Users/maymk/Documents/My Backend/My Pjs/expressFirstProject/node_modules/router/lib/layer.js:116:17)
    at trimPrefix (/Users/maymk/Documents/My Backend/My Pjs/expressFirstProject/node_modules/router/index.js:340:13)
    at /Users/maymk/Documents/My Backend/My Pjs/expressFirstProject/node_modules/router/index.js:297:9
    at processParams (/Users/maymk/Documents/My Backend/My Pjs/expressFirstProject/node_modules/router/index.js:582:12)
    at Immediate.next (/Users/maymk/Documents/My Backend/My Pjs/expressFirstProject/node_modules/router/index.js:291:5)
    at Immediate._onImmediate (/Users/maymk/Documents/My Backend/My Pjs/expressFirstProject/node_modules/router/index.js:688:15)
    at process.processImmediate (node:internal/timers:506:21)

ERROR:
{
  "stack": "TypeError: Cannot convert undefined or null to object\n    at Object.keys (<anonymous>)\n    at errorHandler (file:///Users/maymk/Documents/My%20Backend/My%20Pjs/expressFirstProject/src/middlewares/error.middleware.mjs:8:30)\n    at Layer.handleError (/Users/maymk/Documents/My Backend/My Pjs/expressFirstProject/node_modules/router/lib/layer.js:116:17)\n    at trimPrefix (/Users/maymk/Documents/My Backend/My Pjs/expressFirstProject/node_modules/router/index.js:340:13)\n    at /Users/maymk/Documents/My Backend/My Pjs/expressFirstProject/node_modules/router/index.js:297:9\n    at processParams (/Users/maymk/Documents/My Backend/My Pjs/expressFirstProject/node_modules/router/index.js:582:12)\n    at Immediate.next (/Users/maymk/Documents/My Backend/My Pjs/expressFirstProject/node_modules/router/index.js:291:5)\n    at Immediate._onImmediate (/Users/maymk/Documents/My Backend/My Pjs/expressFirstProject/node_modules/router/index.js:688:15)\n    at process.processImmediate (node:internal/timers:506:21)",
  "message": "Cannot convert undefined or null to object"
}
==================================================

==================================================
TIME: 2026-08-25T09:41:30.335Z
METHOD: POST
URL: /api/v1/country
STATUS: 500
MESSAGE: Cannot convert undefined or null to object

STACK:
TypeError: Cannot convert undefined or null to object
    at Object.keys (<anonymous>)
    at errorHandler (file:///Users/maymk/Documents/My%20Backend/My%20Pjs/expressFirstProject/src/middlewares/error.middleware.mjs:8:30)
    at Layer.handleError (/Users/maymk/Documents/My Backend/My Pjs/expressFirstProject/node_modules/router/lib/layer.js:116:17)
    at trimPrefix (/Users/maymk/Documents/My Backend/My Pjs/expressFirstProject/node_modules/router/index.js:340:13)
    at /Users/maymk/Documents/My Backend/My Pjs/expressFirstProject/node_modules/router/index.js:297:9
    at processParams (/Users/maymk/Documents/My Backend/My Pjs/expressFirstProject/node_modules/router/index.js:582:12)
    at Immediate.next (/Users/maymk/Documents/My Backend/My Pjs/expressFirstProject/node_modules/router/index.js:291:5)
    at Immediate._onImmediate (/Users/maymk/Documents/My Backend/My Pjs/expressFirstProject/node_modules/router/index.js:688:15)
    at process.processImmediate (node:internal/timers:506:21)

ERROR:
{
  "stack": "TypeError: Cannot convert undefined or null to object\n    at Object.keys (<anonymous>)\n    at errorHandler (file:///Users/maymk/Documents/My%20Backend/My%20Pjs/expressFirstProject/src/middlewares/error.middleware.mjs:8:30)\n    at Layer.handleError (/Users/maymk/Documents/My Backend/My Pjs/expressFirstProject/node_modules/router/lib/layer.js:116:17)\n    at trimPrefix (/Users/maymk/Documents/My Backend/My Pjs/expressFirstProject/node_modules/router/index.js:340:13)\n    at /Users/maymk/Documents/My Backend/My Pjs/expressFirstProject/node_modules/router/index.js:297:9\n    at processParams (/Users/maymk/Documents/My Backend/My Pjs/expressFirstProject/node_modules/router/index.js:582:12)\n    at Immediate.next (/Users/maymk/Documents/My Backend/My Pjs/expressFirstProject/node_modules/router/index.js:291:5)\n    at Immediate._onImmediate (/Users/maymk/Documents/My Backend/My Pjs/expressFirstProject/node_modules/router/index.js:688:15)\n    at process.processImmediate (node:internal/timers:506:21)",
  "message": "Cannot convert undefined or null to object"
}
==================================================

==================================================
TIME: 2026-08-25T09:42:04.198Z
METHOD: POST
URL: /api/v1/country
STATUS: 500
MESSAGE: Cannot convert undefined or null to object

STACK:
TypeError: Cannot convert undefined or null to object
    at Object.keys (<anonymous>)
    at errorHandler (file:///Users/maymk/Documents/My%20Backend/My%20Pjs/expressFirstProject/src/middlewares/error.middleware.mjs:8:30)
    at Layer.handleError (/Users/maymk/Documents/My Backend/My Pjs/expressFirstProject/node_modules/router/lib/layer.js:116:17)
    at trimPrefix (/Users/maymk/Documents/My Backend/My Pjs/expressFirstProject/node_modules/router/index.js:340:13)
    at /Users/maymk/Documents/My Backend/My Pjs/expressFirstProject/node_modules/router/index.js:297:9
    at processParams (/Users/maymk/Documents/My Backend/My Pjs/expressFirstProject/node_modules/router/index.js:582:12)
    at Immediate.next (/Users/maymk/Documents/My Backend/My Pjs/expressFirstProject/node_modules/router/index.js:291:5)
    at Immediate._onImmediate (/Users/maymk/Documents/My Backend/My Pjs/expressFirstProject/node_modules/router/index.js:688:15)
    at process.processImmediate (node:internal/timers:506:21)

ERROR:
{
  "stack": "TypeError: Cannot convert undefined or null to object\n    at Object.keys (<anonymous>)\n    at errorHandler (file:///Users/maymk/Documents/My%20Backend/My%20Pjs/expressFirstProject/src/middlewares/error.middleware.mjs:8:30)\n    at Layer.handleError (/Users/maymk/Documents/My Backend/My Pjs/expressFirstProject/node_modules/router/lib/layer.js:116:17)\n    at trimPrefix (/Users/maymk/Documents/My Backend/My Pjs/expressFirstProject/node_modules/router/index.js:340:13)\n    at /Users/maymk/Documents/My Backend/My Pjs/expressFirstProject/node_modules/router/index.js:297:9\n    at processParams (/Users/maymk/Documents/My Backend/My Pjs/expressFirstProject/node_modules/router/index.js:582:12)\n    at Immediate.next (/Users/maymk/Documents/My Backend/My Pjs/expressFirstProject/node_modules/router/index.js:291:5)\n    at Immediate._onImmediate (/Users/maymk/Documents/My Backend/My Pjs/expressFirstProject/node_modules/router/index.js:688:15)\n    at process.processImmediate (node:internal/timers:506:21)",
  "message": "Cannot convert undefined or null to object"
}
==================================================

==================================================
TIME: 2026-08-25T09:43:40.299Z
METHOD: POST
URL: /api/v1/country
STATUS: 500
MESSAGE: Cannot convert undefined or null to object

STACK:
TypeError: Cannot convert undefined or null to object
    at Object.keys (<anonymous>)
    at errorHandler (file:///Users/maymk/Documents/My%20Backend/My%20Pjs/expressFirstProject/src/middlewares/error.middleware.mjs:8:30)
    at Layer.handleError (/Users/maymk/Documents/My Backend/My Pjs/expressFirstProject/node_modules/router/lib/layer.js:116:17)
    at trimPrefix (/Users/maymk/Documents/My Backend/My Pjs/expressFirstProject/node_modules/router/index.js:340:13)
    at /Users/maymk/Documents/My Backend/My Pjs/expressFirstProject/node_modules/router/index.js:297:9
    at processParams (/Users/maymk/Documents/My Backend/My Pjs/expressFirstProject/node_modules/router/index.js:582:12)
    at Immediate.next (/Users/maymk/Documents/My Backend/My Pjs/expressFirstProject/node_modules/router/index.js:291:5)
    at Immediate._onImmediate (/Users/maymk/Documents/My Backend/My Pjs/expressFirstProject/node_modules/router/index.js:688:15)
    at process.processImmediate (node:internal/timers:506:21)

ERROR:
{
  "stack": "TypeError: Cannot convert undefined or null to object\n    at Object.keys (<anonymous>)\n    at errorHandler (file:///Users/maymk/Documents/My%20Backend/My%20Pjs/expressFirstProject/src/middlewares/error.middleware.mjs:8:30)\n    at Layer.handleError (/Users/maymk/Documents/My Backend/My Pjs/expressFirstProject/node_modules/router/lib/layer.js:116:17)\n    at trimPrefix (/Users/maymk/Documents/My Backend/My Pjs/expressFirstProject/node_modules/router/index.js:340:13)\n    at /Users/maymk/Documents/My Backend/My Pjs/expressFirstProject/node_modules/router/index.js:297:9\n    at processParams (/Users/maymk/Documents/My Backend/My Pjs/expressFirstProject/node_modules/router/index.js:582:12)\n    at Immediate.next (/Users/maymk/Documents/My Backend/My Pjs/expressFirstProject/node_modules/router/index.js:291:5)\n    at Immediate._onImmediate (/Users/maymk/Documents/My Backend/My Pjs/expressFirstProject/node_modules/router/index.js:688:15)\n    at process.processImmediate (node:internal/timers:506:21)",
  "message": "Cannot convert undefined or null to object"
}
==================================================

==================================================
TIME: 2026-08-25T09:44:21.330Z
METHOD: POST
URL: /api/v1/country
STATUS: 500
MESSAGE: Cannot convert undefined or null to object

STACK:
TypeError: Cannot convert undefined or null to object
    at Object.keys (<anonymous>)
    at errorHandler (file:///Users/maymk/Documents/My%20Backend/My%20Pjs/expressFirstProject/src/middlewares/error.middleware.mjs:8:30)
    at Layer.handleError (/Users/maymk/Documents/My Backend/My Pjs/expressFirstProject/node_modules/router/lib/layer.js:116:17)
    at trimPrefix (/Users/maymk/Documents/My Backend/My Pjs/expressFirstProject/node_modules/router/index.js:340:13)
    at /Users/maymk/Documents/My Backend/My Pjs/expressFirstProject/node_modules/router/index.js:297:9
    at processParams (/Users/maymk/Documents/My Backend/My Pjs/expressFirstProject/node_modules/router/index.js:582:12)
    at Immediate.next (/Users/maymk/Documents/My Backend/My Pjs/expressFirstProject/node_modules/router/index.js:291:5)
    at Immediate._onImmediate (/Users/maymk/Documents/My Backend/My Pjs/expressFirstProject/node_modules/router/index.js:688:15)
    at process.processImmediate (node:internal/timers:506:21)

ERROR:
{
  "stack": "TypeError: Cannot convert undefined or null to object\n    at Object.keys (<anonymous>)\n    at errorHandler (file:///Users/maymk/Documents/My%20Backend/My%20Pjs/expressFirstProject/src/middlewares/error.middleware.mjs:8:30)\n    at Layer.handleError (/Users/maymk/Documents/My Backend/My Pjs/expressFirstProject/node_modules/router/lib/layer.js:116:17)\n    at trimPrefix (/Users/maymk/Documents/My Backend/My Pjs/expressFirstProject/node_modules/router/index.js:340:13)\n    at /Users/maymk/Documents/My Backend/My Pjs/expressFirstProject/node_modules/router/index.js:297:9\n    at processParams (/Users/maymk/Documents/My Backend/My Pjs/expressFirstProject/node_modules/router/index.js:582:12)\n    at Immediate.next (/Users/maymk/Documents/My Backend/My Pjs/expressFirstProject/node_modules/router/index.js:291:5)\n    at Immediate._onImmediate (/Users/maymk/Documents/My Backend/My Pjs/expressFirstProject/node_modules/router/index.js:688:15)\n    at process.processImmediate (node:internal/timers:506:21)",
  "message": "Cannot convert undefined or null to object"
}
==================================================

==================================================
TIME: 2026-08-25T09:44:54.530Z
METHOD: POST
URL: /api/v1/country
STATUS: 500
MESSAGE: Cannot convert undefined or null to object

STACK:
TypeError: Cannot convert undefined or null to object
    at Object.keys (<anonymous>)
    at errorHandler (file:///Users/maymk/Documents/My%20Backend/My%20Pjs/expressFirstProject/src/middlewares/error.middleware.mjs:8:30)
    at Layer.handleError (/Users/maymk/Documents/My Backend/My Pjs/expressFirstProject/node_modules/router/lib/layer.js:116:17)
    at trimPrefix (/Users/maymk/Documents/My Backend/My Pjs/expressFirstProject/node_modules/router/index.js:340:13)
    at /Users/maymk/Documents/My Backend/My Pjs/expressFirstProject/node_modules/router/index.js:297:9
    at processParams (/Users/maymk/Documents/My Backend/My Pjs/expressFirstProject/node_modules/router/index.js:582:12)
    at Immediate.next (/Users/maymk/Documents/My Backend/My Pjs/expressFirstProject/node_modules/router/index.js:291:5)
    at Immediate._onImmediate (/Users/maymk/Documents/My Backend/My Pjs/expressFirstProject/node_modules/router/index.js:688:15)
    at process.processImmediate (node:internal/timers:506:21)

ERROR:
{
  "stack": "TypeError: Cannot convert undefined or null to object\n    at Object.keys (<anonymous>)\n    at errorHandler (file:///Users/maymk/Documents/My%20Backend/My%20Pjs/expressFirstProject/src/middlewares/error.middleware.mjs:8:30)\n    at Layer.handleError (/Users/maymk/Documents/My Backend/My Pjs/expressFirstProject/node_modules/router/lib/layer.js:116:17)\n    at trimPrefix (/Users/maymk/Documents/My Backend/My Pjs/expressFirstProject/node_modules/router/index.js:340:13)\n    at /Users/maymk/Documents/My Backend/My Pjs/expressFirstProject/node_modules/router/index.js:297:9\n    at processParams (/Users/maymk/Documents/My Backend/My Pjs/expressFirstProject/node_modules/router/index.js:582:12)\n    at Immediate.next (/Users/maymk/Documents/My Backend/My Pjs/expressFirstProject/node_modules/router/index.js:291:5)\n    at Immediate._onImmediate (/Users/maymk/Documents/My Backend/My Pjs/expressFirstProject/node_modules/router/index.js:688:15)\n    at process.processImmediate (node:internal/timers:506:21)",
  "message": "Cannot convert undefined or null to object"
}
==================================================

==================================================
TIME: 2026-08-25T09:48:38.280Z
METHOD: POST
URL: /api/v1/country
STATUS: 500
MESSAGE: Unknown error

STACK:
No stack trace

ERROR:
{
  "_events": {},
  "_eventsCount": 1,
  "outputData": [],
  "outputSize": 0,
  "writable": true,
  "destroyed": false,
  "_last": false,
  "chunkedEncoding": false,
  "shouldKeepAlive": true,
  "maxRequestsOnConnectionReached": false,
  "_defaultKeepAlive": true,
  "useChunkedEncodingByDefault": true,
  "sendDate": true,
  "_removedConnection": false,
  "_removedContLen": false,
  "_removedTE": false,
  "strictContentLength": false,
  "_contentLength": 124,
  "_hasBody": true,
  "_trailer": "",
  "finished": true,
  "_headerSent": true,
  "_closed": false,
  "_header": "HTTP/1.1 500 Internal Server Error\r\nX-Powered-By: Express\r\nContent-Type: application/json; charset=utf-8\r\nContent-Length: 124\r\nETag: W/\"7c-VxsRe8lkGaB7v3QNjyN929B425c\"\r\nDate: Tue, 25 Aug 2026 09:48:38 GMT\r\nConnection: keep-alive\r\nKeep-Alive: timeout=5\r\n\r\n",
  "_keepAliveTimeout": 5000,
  "req": {
    "_events": {},
    "_eventsCount": 0,
    "destroyed": false,
    "statusCode": null,
    "statusMessage": null
  },
  "_sent100": false,
  "_expect_continue": false,
  "_maxRequestsPerSocket": 0,
  "locals": {},
  "statusCode": 500,
  "statusMessage": "Internal Server Error"
}
==================================================

==================================================
TIME: 2026-08-25T09:49:03.152Z
METHOD: POST
URL: /api/v1/country
STATUS: 500
MESSAGE: Unknown error

STACK:
No stack trace

ERROR:
{
  "_events": {},
  "_eventsCount": 1,
  "outputData": [],
  "outputSize": 0,
  "writable": true,
  "destroyed": false,
  "_last": false,
  "chunkedEncoding": false,
  "shouldKeepAlive": true,
  "maxRequestsOnConnectionReached": false,
  "_defaultKeepAlive": true,
  "useChunkedEncodingByDefault": true,
  "sendDate": true,
  "_removedConnection": false,
  "_removedContLen": false,
  "_removedTE": false,
  "strictContentLength": false,
  "_contentLength": 124,
  "_hasBody": true,
  "_trailer": "",
  "finished": true,
  "_headerSent": true,
  "_closed": false,
  "_header": "HTTP/1.1 500 Internal Server Error\r\nX-Powered-By: Express\r\nContent-Type: application/json; charset=utf-8\r\nContent-Length: 124\r\nETag: W/\"7c-VxsRe8lkGaB7v3QNjyN929B425c\"\r\nDate: Tue, 25 Aug 2026 09:49:03 GMT\r\nConnection: keep-alive\r\nKeep-Alive: timeout=5\r\n\r\n",
  "_keepAliveTimeout": 5000,
  "req": {
    "_events": {},
    "_eventsCount": 0,
    "destroyed": false,
    "statusCode": null,
    "statusMessage": null
  },
  "_sent100": false,
  "_expect_continue": false,
  "_maxRequestsPerSocket": 0,
  "locals": {},
  "statusCode": 500,
  "statusMessage": "Internal Server Error"
}
==================================================

==================================================
TIME: 2026-08-25T09:49:04.135Z
METHOD: POST
URL: /api/v1/country
STATUS: 500
MESSAGE: Unknown error

STACK:
No stack trace

ERROR:
{
  "_events": {},
  "_eventsCount": 1,
  "outputData": [],
  "outputSize": 0,
  "writable": true,
  "destroyed": false,
  "_last": false,
  "chunkedEncoding": false,
  "shouldKeepAlive": true,
  "maxRequestsOnConnectionReached": false,
  "_defaultKeepAlive": true,
  "useChunkedEncodingByDefault": true,
  "sendDate": true,
  "_removedConnection": false,
  "_removedContLen": false,
  "_removedTE": false,
  "strictContentLength": false,
  "_contentLength": 124,
  "_hasBody": true,
  "_trailer": "",
  "finished": true,
  "_headerSent": true,
  "_closed": false,
  "_header": "HTTP/1.1 500 Internal Server Error\r\nX-Powered-By: Express\r\nContent-Type: application/json; charset=utf-8\r\nContent-Length: 124\r\nETag: W/\"7c-VxsRe8lkGaB7v3QNjyN929B425c\"\r\nDate: Tue, 25 Aug 2026 09:49:04 GMT\r\nConnection: keep-alive\r\nKeep-Alive: timeout=5\r\n\r\n",
  "_keepAliveTimeout": 5000,
  "req": {
    "_events": {},
    "_eventsCount": 0,
    "destroyed": false,
    "statusCode": null,
    "statusMessage": null
  },
  "_sent100": false,
  "_expect_continue": false,
  "_maxRequestsPerSocket": 0,
  "locals": {},
  "statusCode": 500,
  "statusMessage": "Internal Server Error"
}
==================================================

==================================================
TIME: 2026-08-25T09:49:16.935Z
METHOD: POST
URL: /api/v1/country
STATUS: 500
MESSAGE: Unknown error

STACK:
No stack trace

ERROR:
{
  "_events": {},
  "_eventsCount": 1,
  "outputData": [],
  "outputSize": 0,
  "writable": true,
  "destroyed": false,
  "_last": false,
  "chunkedEncoding": false,
  "shouldKeepAlive": true,
  "maxRequestsOnConnectionReached": false,
  "_defaultKeepAlive": true,
  "useChunkedEncodingByDefault": true,
  "sendDate": true,
  "_removedConnection": false,
  "_removedContLen": false,
  "_removedTE": false,
  "strictContentLength": false,
  "_contentLength": 124,
  "_hasBody": true,
  "_trailer": "",
  "finished": true,
  "_headerSent": true,
  "_closed": false,
  "_header": "HTTP/1.1 500 Internal Server Error\r\nX-Powered-By: Express\r\nContent-Type: application/json; charset=utf-8\r\nContent-Length: 124\r\nETag: W/\"7c-VxsRe8lkGaB7v3QNjyN929B425c\"\r\nDate: Tue, 25 Aug 2026 09:49:16 GMT\r\nConnection: keep-alive\r\nKeep-Alive: timeout=5\r\n\r\n",
  "_keepAliveTimeout": 5000,
  "req": {
    "_events": {},
    "_eventsCount": 0,
    "destroyed": false,
    "statusCode": null,
    "statusMessage": null
  },
  "_sent100": false,
  "_expect_continue": false,
  "_maxRequestsPerSocket": 0,
  "locals": {},
  "statusCode": 500,
  "statusMessage": "Internal Server Error"
}
==================================================

==================================================
TIME: 2026-08-25T09:49:28.915Z
METHOD: POST
URL: /api/v1/country
STATUS: 500
MESSAGE: Unknown error

STACK:
No stack trace

ERROR:
{
  "_events": {},
  "_eventsCount": 1,
  "outputData": [],
  "outputSize": 0,
  "writable": true,
  "destroyed": false,
  "_last": false,
  "chunkedEncoding": false,
  "shouldKeepAlive": true,
  "maxRequestsOnConnectionReached": false,
  "_defaultKeepAlive": true,
  "useChunkedEncodingByDefault": true,
  "sendDate": true,
  "_removedConnection": false,
  "_removedContLen": false,
  "_removedTE": false,
  "strictContentLength": false,
  "_contentLength": 124,
  "_hasBody": true,
  "_trailer": "",
  "finished": true,
  "_headerSent": true,
  "_closed": false,
  "_header": "HTTP/1.1 500 Internal Server Error\r\nX-Powered-By: Express\r\nContent-Type: application/json; charset=utf-8\r\nContent-Length: 124\r\nETag: W/\"7c-VxsRe8lkGaB7v3QNjyN929B425c\"\r\nDate: Tue, 25 Aug 2026 09:49:28 GMT\r\nConnection: keep-alive\r\nKeep-Alive: timeout=5\r\n\r\n",
  "_keepAliveTimeout": 5000,
  "req": {
    "_events": {},
    "_eventsCount": 0,
    "destroyed": false,
    "statusCode": null,
    "statusMessage": null
  },
  "_sent100": false,
  "_expect_continue": false,
  "_maxRequestsPerSocket": 0,
  "locals": {},
  "statusCode": 500,
  "statusMessage": "Internal Server Error"
}
==================================================

==================================================
TIME: 2026-08-25T09:50:17.853Z
METHOD: POST
URL: /api/v1/country
STATUS: 500
MESSAGE: Unknown error

STACK:
No stack trace

ERROR:
{
  "_events": {},
  "_eventsCount": 1,
  "outputData": [],
  "outputSize": 0,
  "writable": true,
  "destroyed": false,
  "_last": false,
  "chunkedEncoding": false,
  "shouldKeepAlive": true,
  "maxRequestsOnConnectionReached": false,
  "_defaultKeepAlive": true,
  "useChunkedEncodingByDefault": true,
  "sendDate": true,
  "_removedConnection": false,
  "_removedContLen": false,
  "_removedTE": false,
  "strictContentLength": false,
  "_contentLength": 124,
  "_hasBody": true,
  "_trailer": "",
  "finished": true,
  "_headerSent": true,
  "_closed": false,
  "_header": "HTTP/1.1 500 Internal Server Error\r\nX-Powered-By: Express\r\nContent-Type: application/json; charset=utf-8\r\nContent-Length: 124\r\nETag: W/\"7c-VxsRe8lkGaB7v3QNjyN929B425c\"\r\nDate: Tue, 25 Aug 2026 09:50:17 GMT\r\nConnection: keep-alive\r\nKeep-Alive: timeout=5\r\n\r\n",
  "_keepAliveTimeout": 5000,
  "req": {
    "_events": {},
    "_eventsCount": 0,
    "destroyed": false,
    "statusCode": null,
    "statusMessage": null
  },
  "_sent100": false,
  "_expect_continue": false,
  "_maxRequestsPerSocket": 0,
  "locals": {},
  "statusCode": 500,
  "statusMessage": "Internal Server Error"
}
==================================================

==================================================
TIME: 2026-08-25T09:52:18.202Z
METHOD: POST
URL: /api/v1/country
STATUS: 500
MESSAGE: Unknown error

STACK:
No stack trace

ERROR:
{
  "_events": {},
  "_eventsCount": 1,
  "outputData": [],
  "outputSize": 0,
  "writable": true,
  "destroyed": false,
  "_last": false,
  "chunkedEncoding": false,
  "shouldKeepAlive": true,
  "maxRequestsOnConnectionReached": false,
  "_defaultKeepAlive": true,
  "useChunkedEncodingByDefault": true,
  "sendDate": true,
  "_removedConnection": false,
  "_removedContLen": false,
  "_removedTE": false,
  "strictContentLength": false,
  "_contentLength": 124,
  "_hasBody": true,
  "_trailer": "",
  "finished": true,
  "_headerSent": true,
  "_closed": false,
  "_header": "HTTP/1.1 500 Internal Server Error\r\nX-Powered-By: Express\r\nContent-Type: application/json; charset=utf-8\r\nContent-Length: 124\r\nETag: W/\"7c-VxsRe8lkGaB7v3QNjyN929B425c\"\r\nDate: Tue, 25 Aug 2026 09:52:18 GMT\r\nConnection: keep-alive\r\nKeep-Alive: timeout=5\r\n\r\n",
  "_keepAliveTimeout": 5000,
  "req": {
    "_events": {},
    "_eventsCount": 0,
    "destroyed": false,
    "statusCode": null,
    "statusMessage": null
  },
  "_sent100": false,
  "_expect_continue": false,
  "_maxRequestsPerSocket": 0,
  "locals": {},
  "statusCode": 500,
  "statusMessage": "Internal Server Error"
}
==================================================

==================================================
TIME: 2026-08-25T09:53:02.928Z
METHOD: POST
URL: /api/v1/country
STATUS: 500
MESSAGE: Unknown error

STACK:
No stack trace

ERROR:
{
  "_events": {},
  "_eventsCount": 1,
  "outputData": [],
  "outputSize": 0,
  "writable": true,
  "destroyed": false,
  "_last": false,
  "chunkedEncoding": false,
  "shouldKeepAlive": true,
  "maxRequestsOnConnectionReached": false,
  "_defaultKeepAlive": true,
  "useChunkedEncodingByDefault": true,
  "sendDate": true,
  "_removedConnection": false,
  "_removedContLen": false,
  "_removedTE": false,
  "strictContentLength": false,
  "_contentLength": 124,
  "_hasBody": true,
  "_trailer": "",
  "finished": true,
  "_headerSent": true,
  "_closed": false,
  "_header": "HTTP/1.1 500 Internal Server Error\r\nX-Powered-By: Express\r\nContent-Type: application/json; charset=utf-8\r\nContent-Length: 124\r\nETag: W/\"7c-VxsRe8lkGaB7v3QNjyN929B425c\"\r\nDate: Tue, 25 Aug 2026 09:53:02 GMT\r\nConnection: keep-alive\r\nKeep-Alive: timeout=5\r\n\r\n",
  "_keepAliveTimeout": 5000,
  "req": {
    "_events": {},
    "_eventsCount": 0,
    "destroyed": false,
    "statusCode": null,
    "statusMessage": null
  },
  "_sent100": false,
  "_expect_continue": false,
  "_maxRequestsPerSocket": 0,
  "locals": {},
  "statusCode": 500,
  "statusMessage": "Internal Server Error"
}
==================================================

==================================================
TIME: 2026-08-25T09:53:47.581Z
METHOD: POST
URL: /api/v1/country
STATUS: 500
MESSAGE: Unknown error

STACK:
No stack trace

ERROR:
{
  "_events": {},
  "_eventsCount": 1,
  "outputData": [],
  "outputSize": 0,
  "writable": true,
  "destroyed": false,
  "_last": false,
  "chunkedEncoding": false,
  "shouldKeepAlive": true,
  "maxRequestsOnConnectionReached": false,
  "_defaultKeepAlive": true,
  "useChunkedEncodingByDefault": true,
  "sendDate": true,
  "_removedConnection": false,
  "_removedContLen": false,
  "_removedTE": false,
  "strictContentLength": false,
  "_contentLength": 130,
  "_hasBody": true,
  "_trailer": "",
  "finished": true,
  "_headerSent": true,
  "_closed": false,
  "_header": "HTTP/1.1 500 Internal Server Error\r\nX-Powered-By: Express\r\nContent-Type: application/json; charset=utf-8\r\nContent-Length: 130\r\nETag: W/\"82-kI7jpgNPRCe42CmjcesyTzZKCdg\"\r\nDate: Tue, 25 Aug 2026 09:53:47 GMT\r\nConnection: keep-alive\r\nKeep-Alive: timeout=5\r\n\r\n",
  "_keepAliveTimeout": 5000,
  "req": {
    "_events": {},
    "_eventsCount": 0,
    "destroyed": false,
    "statusCode": null,
    "statusMessage": null
  },
  "_sent100": false,
  "_expect_continue": false,
  "_maxRequestsPerSocket": 0,
  "locals": {},
  "statusCode": 500,
  "statusMessage": "Internal Server Error"
}
==================================================

==================================================
TIME: 2026-08-25T11:05:40.120Z
METHOD: POST
URL: /api/v1/loginCustomer
STATUS: 401
MESSAGE: Unknown error

STACK:
No stack trace

ERROR:
{
  "_events": {},
  "_eventsCount": 1,
  "outputData": [],
  "outputSize": 0,
  "writable": true,
  "destroyed": false,
  "_last": false,
  "chunkedEncoding": false,
  "shouldKeepAlive": true,
  "maxRequestsOnConnectionReached": false,
  "_defaultKeepAlive": true,
  "useChunkedEncodingByDefault": true,
  "sendDate": true,
  "_removedConnection": false,
  "_removedContLen": false,
  "_removedTE": false,
  "strictContentLength": false,
  "_contentLength": 62,
  "_hasBody": true,
  "_trailer": "",
  "finished": true,
  "_headerSent": true,
  "_closed": false,
  "_header": "HTTP/1.1 401 Unauthorized\r\nX-Powered-By: Express\r\nContent-Type: application/json; charset=utf-8\r\nContent-Length: 62\r\nETag: W/\"3e-ISUqlZLAu4gYZDuQYsVW1hycBoM\"\r\nDate: Tue, 25 Aug 2026 11:05:40 GMT\r\nConnection: keep-alive\r\nKeep-Alive: timeout=5\r\n\r\n",
  "_keepAliveTimeout": 5000,
  "req": {
    "_events": {},
    "_eventsCount": 0,
    "destroyed": true,
    "statusCode": null,
    "statusMessage": null
  },
  "_sent100": false,
  "_expect_continue": false,
  "_maxRequestsPerSocket": 0,
  "locals": {},
  "statusCode": 401,
  "statusMessage": "Unauthorized"
}
==================================================

==================================================
TIME: 2026-08-25T11:10:00.287Z
METHOD: POST
URL: /api/v1/loginCustomer
STATUS: 401
MESSAGE: Unknown error

STACK:
No stack trace

ERROR:
{
  "_events": {},
  "_eventsCount": 1,
  "outputData": [],
  "outputSize": 0,
  "writable": true,
  "destroyed": false,
  "_last": false,
  "chunkedEncoding": false,
  "shouldKeepAlive": true,
  "maxRequestsOnConnectionReached": false,
  "_defaultKeepAlive": true,
  "useChunkedEncodingByDefault": true,
  "sendDate": true,
  "_removedConnection": false,
  "_removedContLen": false,
  "_removedTE": false,
  "strictContentLength": false,
  "_contentLength": 62,
  "_hasBody": true,
  "_trailer": "",
  "finished": true,
  "_headerSent": true,
  "_closed": false,
  "_header": "HTTP/1.1 401 Unauthorized\r\nX-Powered-By: Express\r\nContent-Type: application/json; charset=utf-8\r\nContent-Length: 62\r\nETag: W/\"3e-ISUqlZLAu4gYZDuQYsVW1hycBoM\"\r\nDate: Tue, 25 Aug 2026 11:10:00 GMT\r\nConnection: keep-alive\r\nKeep-Alive: timeout=5\r\n\r\n",
  "_keepAliveTimeout": 5000,
  "req": {
    "_events": {},
    "_eventsCount": 0,
    "destroyed": true,
    "statusCode": null,
    "statusMessage": null
  },
  "_sent100": false,
  "_expect_continue": false,
  "_maxRequestsPerSocket": 0,
  "locals": {},
  "statusCode": 401,
  "statusMessage": "Unauthorized"
}
==================================================

==================================================
TIME: 2026-08-25T11:10:19.613Z
METHOD: POST
URL: /api/v1/loginCustomer
STATUS: 401
MESSAGE: Unknown error

STACK:
No stack trace

ERROR:
{
  "_events": {},
  "_eventsCount": 1,
  "outputData": [],
  "outputSize": 0,
  "writable": true,
  "destroyed": false,
  "_last": false,
  "chunkedEncoding": false,
  "shouldKeepAlive": true,
  "maxRequestsOnConnectionReached": false,
  "_defaultKeepAlive": true,
  "useChunkedEncodingByDefault": true,
  "sendDate": true,
  "_removedConnection": false,
  "_removedContLen": false,
  "_removedTE": false,
  "strictContentLength": false,
  "_contentLength": 62,
  "_hasBody": true,
  "_trailer": "",
  "finished": true,
  "_headerSent": true,
  "_closed": false,
  "_header": "HTTP/1.1 401 Unauthorized\r\nX-Powered-By: Express\r\nContent-Type: application/json; charset=utf-8\r\nContent-Length: 62\r\nETag: W/\"3e-ISUqlZLAu4gYZDuQYsVW1hycBoM\"\r\nDate: Tue, 25 Aug 2026 11:10:19 GMT\r\nConnection: keep-alive\r\nKeep-Alive: timeout=5\r\n\r\n",
  "_keepAliveTimeout": 5000,
  "req": {
    "_events": {},
    "_eventsCount": 0,
    "destroyed": true,
    "statusCode": null,
    "statusMessage": null
  },
  "_sent100": false,
  "_expect_continue": false,
  "_maxRequestsPerSocket": 0,
  "locals": {},
  "statusCode": 401,
  "statusMessage": "Unauthorized"
}
==================================================

==================================================
TIME: 2026-08-25T11:10:44.958Z
METHOD: POST
URL: /api/v1/loginCustomer
STATUS: 401
MESSAGE: Unknown error

STACK:
No stack trace

ERROR:
{
  "_events": {},
  "_eventsCount": 1,
  "outputData": [],
  "outputSize": 0,
  "writable": true,
  "destroyed": false,
  "_last": false,
  "chunkedEncoding": false,
  "shouldKeepAlive": true,
  "maxRequestsOnConnectionReached": false,
  "_defaultKeepAlive": true,
  "useChunkedEncodingByDefault": true,
  "sendDate": true,
  "_removedConnection": false,
  "_removedContLen": false,
  "_removedTE": false,
  "strictContentLength": false,
  "_contentLength": 62,
  "_hasBody": true,
  "_trailer": "",
  "finished": true,
  "_headerSent": true,
  "_closed": false,
  "_header": "HTTP/1.1 401 Unauthorized\r\nX-Powered-By: Express\r\nContent-Type: application/json; charset=utf-8\r\nContent-Length: 62\r\nETag: W/\"3e-ISUqlZLAu4gYZDuQYsVW1hycBoM\"\r\nDate: Tue, 25 Aug 2026 11:10:44 GMT\r\nConnection: keep-alive\r\nKeep-Alive: timeout=5\r\n\r\n",
  "_keepAliveTimeout": 5000,
  "req": {
    "_events": {},
    "_eventsCount": 0,
    "destroyed": true,
    "statusCode": null,
    "statusMessage": null
  },
  "_sent100": false,
  "_expect_continue": false,
  "_maxRequestsPerSocket": 0,
  "locals": {},
  "statusCode": 401,
  "statusMessage": "Unauthorized"
}
==================================================

==================================================
TIME: 2026-08-25T11:11:17.534Z
METHOD: POST
URL: /api/v1/loginCustomer
STATUS: 401
MESSAGE: Unknown error

STACK:
No stack trace

ERROR:
{
  "_events": {},
  "_eventsCount": 1,
  "outputData": [],
  "outputSize": 0,
  "writable": true,
  "destroyed": false,
  "_last": false,
  "chunkedEncoding": false,
  "shouldKeepAlive": true,
  "maxRequestsOnConnectionReached": false,
  "_defaultKeepAlive": true,
  "useChunkedEncodingByDefault": true,
  "sendDate": true,
  "_removedConnection": false,
  "_removedContLen": false,
  "_removedTE": false,
  "strictContentLength": false,
  "_contentLength": 62,
  "_hasBody": true,
  "_trailer": "",
  "finished": true,
  "_headerSent": true,
  "_closed": false,
  "_header": "HTTP/1.1 401 Unauthorized\r\nX-Powered-By: Express\r\nContent-Type: application/json; charset=utf-8\r\nContent-Length: 62\r\nETag: W/\"3e-ISUqlZLAu4gYZDuQYsVW1hycBoM\"\r\nDate: Tue, 25 Aug 2026 11:11:17 GMT\r\nConnection: keep-alive\r\nKeep-Alive: timeout=5\r\n\r\n",
  "_keepAliveTimeout": 5000,
  "req": {
    "_events": {},
    "_eventsCount": 0,
    "destroyed": true,
    "statusCode": null,
    "statusMessage": null
  },
  "_sent100": false,
  "_expect_continue": false,
  "_maxRequestsPerSocket": 0,
  "locals": {},
  "statusCode": 401,
  "statusMessage": "Unauthorized"
}
==================================================

==================================================
TIME: 2026-08-25T11:11:21.434Z
METHOD: POST
URL: /api/v1/loginCustomer
STATUS: 401
MESSAGE: Unknown error

STACK:
No stack trace

ERROR:
{
  "_events": {},
  "_eventsCount": 1,
  "outputData": [],
  "outputSize": 0,
  "writable": true,
  "destroyed": false,
  "_last": false,
  "chunkedEncoding": false,
  "shouldKeepAlive": true,
  "maxRequestsOnConnectionReached": false,
  "_defaultKeepAlive": true,
  "useChunkedEncodingByDefault": true,
  "sendDate": true,
  "_removedConnection": false,
  "_removedContLen": false,
  "_removedTE": false,
  "strictContentLength": false,
  "_contentLength": 62,
  "_hasBody": true,
  "_trailer": "",
  "finished": true,
  "_headerSent": true,
  "_closed": false,
  "_header": "HTTP/1.1 401 Unauthorized\r\nX-Powered-By: Express\r\nContent-Type: application/json; charset=utf-8\r\nContent-Length: 62\r\nETag: W/\"3e-ISUqlZLAu4gYZDuQYsVW1hycBoM\"\r\nDate: Tue, 25 Aug 2026 11:11:21 GMT\r\nConnection: keep-alive\r\nKeep-Alive: timeout=5\r\n\r\n",
  "_keepAliveTimeout": 5000,
  "req": {
    "_events": {},
    "_eventsCount": 0,
    "destroyed": true,
    "statusCode": null,
    "statusMessage": null
  },
  "_sent100": false,
  "_expect_continue": false,
  "_maxRequestsPerSocket": 0,
  "locals": {},
  "statusCode": 401,
  "statusMessage": "Unauthorized"
}
==================================================

==================================================
TIME: 2026-08-25T11:11:59.461Z
METHOD: GET
URL: /api/v1/branches
STATUS: 401
MESSAGE: Unknown error

STACK:
No stack trace

ERROR:
{
  "_events": {},
  "_eventsCount": 1,
  "outputData": [],
  "outputSize": 0,
  "writable": true,
  "destroyed": false,
  "_last": false,
  "chunkedEncoding": false,
  "shouldKeepAlive": true,
  "maxRequestsOnConnectionReached": false,
  "_defaultKeepAlive": true,
  "useChunkedEncodingByDefault": true,
  "sendDate": true,
  "_removedConnection": false,
  "_removedContLen": false,
  "_removedTE": false,
  "strictContentLength": false,
  "_contentLength": 50,
  "_hasBody": true,
  "_trailer": "",
  "finished": true,
  "_headerSent": true,
  "_closed": false,
  "_header": "HTTP/1.1 401 Unauthorized\r\nX-Powered-By: Express\r\nContent-Type: application/json; charset=utf-8\r\nContent-Length: 50\r\nETag: W/\"32-HHf87yw4zMhkBISakmozvSX0cyA\"\r\nDate: Tue, 25 Aug 2026 11:11:59 GMT\r\nConnection: keep-alive\r\nKeep-Alive: timeout=5\r\n\r\n",
  "_keepAliveTimeout": 5000,
  "req": {
    "_events": {},
    "_eventsCount": 0,
    "destroyed": false,
    "statusCode": null,
    "statusMessage": null
  },
  "_sent100": false,
  "_expect_continue": false,
  "_maxRequestsPerSocket": 0,
  "locals": {},
  "statusCode": 401,
  "statusMessage": "Unauthorized"
}
==================================================

==================================================
TIME: 2026-08-25T11:12:05.891Z
METHOD: GET
URL: /api/v1/branches
STATUS: 401
MESSAGE: Unknown error

STACK:
No stack trace

ERROR:
{
  "_events": {},
  "_eventsCount": 1,
  "outputData": [],
  "outputSize": 0,
  "writable": true,
  "destroyed": false,
  "_last": false,
  "chunkedEncoding": false,
  "shouldKeepAlive": true,
  "maxRequestsOnConnectionReached": false,
  "_defaultKeepAlive": true,
  "useChunkedEncodingByDefault": true,
  "sendDate": true,
  "_removedConnection": false,
  "_removedContLen": false,
  "_removedTE": false,
  "strictContentLength": false,
  "_contentLength": 62,
  "_hasBody": true,
  "_trailer": "",
  "finished": true,
  "_headerSent": true,
  "_closed": false,
  "_header": "HTTP/1.1 401 Unauthorized\r\nX-Powered-By: Express\r\nContent-Type: application/json; charset=utf-8\r\nContent-Length: 62\r\nETag: W/\"3e-Bg6yxSA9KqdU8Jmk9mTaqTlN96s\"\r\nDate: Tue, 25 Aug 2026 11:12:05 GMT\r\nConnection: keep-alive\r\nKeep-Alive: timeout=5\r\n\r\n",
  "_keepAliveTimeout": 5000,
  "req": {
    "_events": {},
    "_eventsCount": 0,
    "destroyed": false,
    "statusCode": null,
    "statusMessage": null
  },
  "_sent100": false,
  "_expect_continue": false,
  "_maxRequestsPerSocket": 0,
  "locals": {},
  "statusCode": 401,
  "statusMessage": "Unauthorized"
}
==================================================

==================================================
TIME: 2026-08-25T11:13:01.655Z
METHOD: GET
URL: /api/v1/branches
STATUS: 401
MESSAGE: Unknown error

STACK:
No stack trace

ERROR:
{
  "_events": {},
  "_eventsCount": 1,
  "outputData": [],
  "outputSize": 0,
  "writable": true,
  "destroyed": false,
  "_last": false,
  "chunkedEncoding": false,
  "shouldKeepAlive": true,
  "maxRequestsOnConnectionReached": false,
  "_defaultKeepAlive": true,
  "useChunkedEncodingByDefault": true,
  "sendDate": true,
  "_removedConnection": false,
  "_removedContLen": false,
  "_removedTE": false,
  "strictContentLength": false,
  "_contentLength": 62,
  "_hasBody": true,
  "_trailer": "",
  "finished": true,
  "_headerSent": true,
  "_closed": false,
  "_header": "HTTP/1.1 401 Unauthorized\r\nX-Powered-By: Express\r\nContent-Type: application/json; charset=utf-8\r\nContent-Length: 62\r\nETag: W/\"3e-Bg6yxSA9KqdU8Jmk9mTaqTlN96s\"\r\nDate: Tue, 25 Aug 2026 11:13:01 GMT\r\nConnection: keep-alive\r\nKeep-Alive: timeout=5\r\n\r\n",
  "_keepAliveTimeout": 5000,
  "req": {
    "_events": {},
    "_eventsCount": 0,
    "destroyed": false,
    "statusCode": null,
    "statusMessage": null
  },
  "_sent100": false,
  "_expect_continue": false,
  "_maxRequestsPerSocket": 0,
  "locals": {},
  "statusCode": 401,
  "statusMessage": "Unauthorized"
}
==================================================

==================================================
TIME: 2026-08-25T11:13:24.128Z
METHOD: GET
URL: /api/v1/branches
STATUS: 401
MESSAGE: Unknown error

STACK:
No stack trace

ERROR:
{
  "_events": {},
  "_eventsCount": 1,
  "outputData": [],
  "outputSize": 0,
  "writable": true,
  "destroyed": false,
  "_last": false,
  "chunkedEncoding": false,
  "shouldKeepAlive": true,
  "maxRequestsOnConnectionReached": false,
  "_defaultKeepAlive": true,
  "useChunkedEncodingByDefault": true,
  "sendDate": true,
  "_removedConnection": false,
  "_removedContLen": false,
  "_removedTE": false,
  "strictContentLength": false,
  "_contentLength": 62,
  "_hasBody": true,
  "_trailer": "",
  "finished": true,
  "_headerSent": true,
  "_closed": false,
  "_header": "HTTP/1.1 401 Unauthorized\r\nX-Powered-By: Express\r\nContent-Type: application/json; charset=utf-8\r\nContent-Length: 62\r\nETag: W/\"3e-Bg6yxSA9KqdU8Jmk9mTaqTlN96s\"\r\nDate: Tue, 25 Aug 2026 11:13:24 GMT\r\nConnection: keep-alive\r\nKeep-Alive: timeout=5\r\n\r\n",
  "_keepAliveTimeout": 5000,
  "req": {
    "_events": {},
    "_eventsCount": 0,
    "destroyed": false,
    "statusCode": null,
    "statusMessage": null
  },
  "_sent100": false,
  "_expect_continue": false,
  "_maxRequestsPerSocket": 0,
  "locals": {},
  "statusCode": 401,
  "statusMessage": "Unauthorized"
}
==================================================

==================================================
TIME: 2026-08-25T11:14:01.969Z
METHOD: GET
URL: /api/v1/branches
STATUS: 401
MESSAGE: Unknown error

STACK:
No stack trace

ERROR:
{
  "_events": {},
  "_eventsCount": 1,
  "outputData": [],
  "outputSize": 0,
  "writable": true,
  "destroyed": false,
  "_last": false,
  "chunkedEncoding": false,
  "shouldKeepAlive": true,
  "maxRequestsOnConnectionReached": false,
  "_defaultKeepAlive": true,
  "useChunkedEncodingByDefault": true,
  "sendDate": true,
  "_removedConnection": false,
  "_removedContLen": false,
  "_removedTE": false,
  "strictContentLength": false,
  "_contentLength": 62,
  "_hasBody": true,
  "_trailer": "",
  "finished": true,
  "_headerSent": true,
  "_closed": false,
  "_header": "HTTP/1.1 401 Unauthorized\r\nX-Powered-By: Express\r\nContent-Type: application/json; charset=utf-8\r\nContent-Length: 62\r\nETag: W/\"3e-Bg6yxSA9KqdU8Jmk9mTaqTlN96s\"\r\nDate: Tue, 25 Aug 2026 11:14:01 GMT\r\nConnection: keep-alive\r\nKeep-Alive: timeout=5\r\n\r\n",
  "_keepAliveTimeout": 5000,
  "req": {
    "_events": {},
    "_eventsCount": 0,
    "destroyed": false,
    "statusCode": null,
    "statusMessage": null
  },
  "_sent100": false,
  "_expect_continue": false,
  "_maxRequestsPerSocket": 0,
  "locals": {},
  "statusCode": 401,
  "statusMessage": "Unauthorized"
}
==================================================

==================================================
TIME: 2026-08-25T11:21:46.049Z
METHOD: POST
URL: /api/v1/country
STATUS: 500
MESSAGE: Unknown error

STACK:
No stack trace

ERROR:
{
  "_events": {},
  "_eventsCount": 1,
  "outputData": [],
  "outputSize": 0,
  "writable": true,
  "destroyed": false,
  "_last": false,
  "chunkedEncoding": false,
  "shouldKeepAlive": true,
  "maxRequestsOnConnectionReached": false,
  "_defaultKeepAlive": true,
  "useChunkedEncodingByDefault": true,
  "sendDate": true,
  "_removedConnection": false,
  "_removedContLen": false,
  "_removedTE": false,
  "strictContentLength": false,
  "_contentLength": 135,
  "_hasBody": true,
  "_trailer": "",
  "finished": true,
  "_headerSent": true,
  "_closed": false,
  "_header": "HTTP/1.1 500 Internal Server Error\r\nX-Powered-By: Express\r\nContent-Type: application/json; charset=utf-8\r\nContent-Length: 135\r\nETag: W/\"87-SZWYBjaPnDL+ORIX4anviQMIA7s\"\r\nDate: Tue, 25 Aug 2026 11:21:46 GMT\r\nConnection: keep-alive\r\nKeep-Alive: timeout=5\r\n\r\n",
  "_keepAliveTimeout": 5000,
  "req": {
    "_events": {},
    "_eventsCount": 0,
    "destroyed": false,
    "statusCode": null,
    "statusMessage": null
  },
  "_sent100": false,
  "_expect_continue": false,
  "_maxRequestsPerSocket": 0,
  "locals": {},
  "statusCode": 500,
  "statusMessage": "Internal Server Error"
}
==================================================

==================================================
TIME: 2026-08-25T15:27:19.542Z
METHOD: POST
URL: /api/v1/customer
STATUS: 400
MESSAGE: Unknown error

STACK:
No stack trace

ERROR:
{
  "_events": {},
  "_eventsCount": 1,
  "outputData": [],
  "outputSize": 0,
  "writable": true,
  "destroyed": false,
  "_last": false,
  "chunkedEncoding": false,
  "shouldKeepAlive": true,
  "maxRequestsOnConnectionReached": false,
  "_defaultKeepAlive": true,
  "useChunkedEncodingByDefault": true,
  "sendDate": true,
  "_removedConnection": false,
  "_removedContLen": false,
  "_removedTE": false,
  "strictContentLength": false,
  "_contentLength": 99,
  "_hasBody": true,
  "_trailer": "",
  "finished": true,
  "_headerSent": true,
  "_closed": false,
  "_header": "HTTP/1.1 400 Bad Request\r\nX-Powered-By: Express\r\nContent-Type: application/json; charset=utf-8\r\nContent-Length: 99\r\nETag: W/\"63-hRhlPbgiBK/WYqNLHPaZCTsWIYk\"\r\nDate: Tue, 25 Aug 2026 15:27:19 GMT\r\nConnection: keep-alive\r\nKeep-Alive: timeout=5\r\n\r\n",
  "_keepAliveTimeout": 5000,
  "req": {
    "_events": {},
    "_eventsCount": 0,
    "destroyed": false,
    "statusCode": null,
    "statusMessage": null
  },
  "_sent100": false,
  "_expect_continue": false,
  "_maxRequestsPerSocket": 0,
  "locals": {},
  "statusCode": 400,
  "statusMessage": "Bad Request"
}
==================================================

==================================================
TIME: 2026-08-25T15:27:39.874Z
METHOD: POST
URL: /api/v1/customer
STATUS: 400
MESSAGE: Unknown error

STACK:
No stack trace

ERROR:
{
  "_events": {},
  "_eventsCount": 1,
  "outputData": [],
  "outputSize": 0,
  "writable": true,
  "destroyed": false,
  "_last": false,
  "chunkedEncoding": false,
  "shouldKeepAlive": true,
  "maxRequestsOnConnectionReached": false,
  "_defaultKeepAlive": true,
  "useChunkedEncodingByDefault": true,
  "sendDate": true,
  "_removedConnection": false,
  "_removedContLen": false,
  "_removedTE": false,
  "strictContentLength": false,
  "_contentLength": 99,
  "_hasBody": true,
  "_trailer": "",
  "finished": true,
  "_headerSent": true,
  "_closed": false,
  "_header": "HTTP/1.1 400 Bad Request\r\nX-Powered-By: Express\r\nContent-Type: application/json; charset=utf-8\r\nContent-Length: 99\r\nETag: W/\"63-+dgREwOc+GF/4f6nW+Y/MwbiRNQ\"\r\nDate: Tue, 25 Aug 2026 15:27:39 GMT\r\nConnection: keep-alive\r\nKeep-Alive: timeout=5\r\n\r\n",
  "_keepAliveTimeout": 5000,
  "req": {
    "_events": {},
    "_eventsCount": 0,
    "destroyed": false,
    "statusCode": null,
    "statusMessage": null
  },
  "_sent100": false,
  "_expect_continue": false,
  "_maxRequestsPerSocket": 0,
  "locals": {},
  "statusCode": 400,
  "statusMessage": "Bad Request"
}
==================================================

==================================================
TIME: 2026-08-25T15:57:17.790Z
METHOD: POST
URL: /api/v1/loginCustomer
STATUS: 401
MESSAGE: Unknown error

STACK:
No stack trace

ERROR:
{
  "_events": {},
  "_eventsCount": 1,
  "outputData": [],
  "outputSize": 0,
  "writable": true,
  "destroyed": false,
  "_last": false,
  "chunkedEncoding": false,
  "shouldKeepAlive": true,
  "maxRequestsOnConnectionReached": false,
  "_defaultKeepAlive": true,
  "useChunkedEncodingByDefault": true,
  "sendDate": true,
  "_removedConnection": false,
  "_removedContLen": false,
  "_removedTE": false,
  "strictContentLength": false,
  "_contentLength": 62,
  "_hasBody": true,
  "_trailer": "",
  "finished": true,
  "_headerSent": true,
  "_closed": false,
  "_header": "HTTP/1.1 401 Unauthorized\r\nX-Powered-By: Express\r\nContent-Type: application/json; charset=utf-8\r\nContent-Length: 62\r\nETag: W/\"3e-ISUqlZLAu4gYZDuQYsVW1hycBoM\"\r\nDate: Tue, 25 Aug 2026 15:57:17 GMT\r\nConnection: keep-alive\r\nKeep-Alive: timeout=5\r\n\r\n",
  "_keepAliveTimeout": 5000,
  "req": {
    "_events": {},
    "_eventsCount": 0,
    "destroyed": true,
    "statusCode": null,
    "statusMessage": null
  },
  "_sent100": false,
  "_expect_continue": false,
  "_maxRequestsPerSocket": 0,
  "locals": {},
  "statusCode": 401,
  "statusMessage": "Unauthorized"
}
==================================================

==================================================
TIME: 2026-08-25T15:58:07.732Z
METHOD: POST
URL: /api/v1/loginCustomer
STATUS: 401
MESSAGE: Unknown error

STACK:
No stack trace

ERROR:
{
  "_events": {},
  "_eventsCount": 1,
  "outputData": [],
  "outputSize": 0,
  "writable": true,
  "destroyed": false,
  "_last": false,
  "chunkedEncoding": false,
  "shouldKeepAlive": true,
  "maxRequestsOnConnectionReached": false,
  "_defaultKeepAlive": true,
  "useChunkedEncodingByDefault": true,
  "sendDate": true,
  "_removedConnection": false,
  "_removedContLen": false,
  "_removedTE": false,
  "strictContentLength": false,
  "_contentLength": 62,
  "_hasBody": true,
  "_trailer": "",
  "finished": true,
  "_headerSent": true,
  "_closed": false,
  "_header": "HTTP/1.1 401 Unauthorized\r\nX-Powered-By: Express\r\nContent-Type: application/json; charset=utf-8\r\nContent-Length: 62\r\nETag: W/\"3e-ISUqlZLAu4gYZDuQYsVW1hycBoM\"\r\nDate: Tue, 25 Aug 2026 15:58:07 GMT\r\nConnection: keep-alive\r\nKeep-Alive: timeout=5\r\n\r\n",
  "_keepAliveTimeout": 5000,
  "req": {
    "_events": {},
    "_eventsCount": 0,
    "destroyed": true,
    "statusCode": null,
    "statusMessage": null
  },
  "_sent100": false,
  "_expect_continue": false,
  "_maxRequestsPerSocket": 0,
  "locals": {},
  "statusCode": 401,
  "statusMessage": "Unauthorized"
}
==================================================

==================================================
TIME: 2026-08-25T15:58:46.198Z
METHOD: POST
URL: /api/v1/loginCustomer
STATUS: 401
MESSAGE: Unknown error

STACK:
No stack trace

ERROR:
{
  "_events": {},
  "_eventsCount": 1,
  "outputData": [],
  "outputSize": 0,
  "writable": true,
  "destroyed": false,
  "_last": false,
  "chunkedEncoding": false,
  "shouldKeepAlive": true,
  "maxRequestsOnConnectionReached": false,
  "_defaultKeepAlive": true,
  "useChunkedEncodingByDefault": true,
  "sendDate": true,
  "_removedConnection": false,
  "_removedContLen": false,
  "_removedTE": false,
  "strictContentLength": false,
  "_contentLength": 62,
  "_hasBody": true,
  "_trailer": "",
  "finished": true,
  "_headerSent": true,
  "_closed": false,
  "_header": "HTTP/1.1 401 Unauthorized\r\nX-Powered-By: Express\r\nContent-Type: application/json; charset=utf-8\r\nContent-Length: 62\r\nETag: W/\"3e-ISUqlZLAu4gYZDuQYsVW1hycBoM\"\r\nDate: Tue, 25 Aug 2026 15:58:46 GMT\r\nConnection: keep-alive\r\nKeep-Alive: timeout=5\r\n\r\n",
  "_keepAliveTimeout": 5000,
  "req": {
    "_events": {},
    "_eventsCount": 0,
    "destroyed": true,
    "statusCode": null,
    "statusMessage": null
  },
  "_sent100": false,
  "_expect_continue": false,
  "_maxRequestsPerSocket": 0,
  "locals": {},
  "statusCode": 401,
  "statusMessage": "Unauthorized"
}
==================================================

==================================================
TIME: 2026-08-26T06:47:56.109Z
METHOD: GET
URL: /api/v1/customer/branch/O-001/product/36089030-0a8a-5d78-ad9c-2a4741cb06f5
STATUS: 500
MESSAGE: Unknown error

STACK:
No stack trace

ERROR:
{
  "_events": {},
  "_eventsCount": 1,
  "outputData": [],
  "outputSize": 0,
  "writable": true,
  "destroyed": true,
  "_last": false,
  "chunkedEncoding": false,
  "shouldKeepAlive": true,
  "maxRequestsOnConnectionReached": false,
  "_defaultKeepAlive": true,
  "useChunkedEncodingByDefault": true,
  "sendDate": true,
  "_removedConnection": false,
  "_removedContLen": false,
  "_removedTE": false,
  "strictContentLength": false,
  "_contentLength": null,
  "_hasBody": true,
  "_trailer": "",
  "finished": true,
  "_headerSent": false,
  "_closed": true,
  "_header": null,
  "_keepAliveTimeout": 5000,
  "req": {
    "_events": {},
    "_eventsCount": 0,
    "destroyed": true,
    "statusCode": null
  },
  "_sent100": false,
  "_expect_continue": false,
  "_maxRequestsPerSocket": 0,
  "locals": {},
  "statusCode": 500
}
==================================================

==================================================
TIME: 2026-08-26T07:13:24.406Z
METHOD: POST
URL: /api/v1/currencyRate
STATUS: 400
MESSAGE: Unknown error

STACK:
No stack trace

ERROR:
{
  "_events": {},
  "_eventsCount": 1,
  "outputData": [],
  "outputSize": 0,
  "writable": true,
  "destroyed": false,
  "_last": false,
  "chunkedEncoding": false,
  "shouldKeepAlive": true,
  "maxRequestsOnConnectionReached": false,
  "_defaultKeepAlive": true,
  "useChunkedEncodingByDefault": true,
  "sendDate": true,
  "_removedConnection": false,
  "_removedContLen": false,
  "_removedTE": false,
  "strictContentLength": false,
  "_contentLength": 55,
  "_hasBody": true,
  "_trailer": "",
  "finished": true,
  "_headerSent": true,
  "_closed": false,
  "_header": "HTTP/1.1 400 Bad Request\r\nX-Powered-By: Express\r\nContent-Type: application/json; charset=utf-8\r\nContent-Length: 55\r\nETag: W/\"37-chhz1hKiFGpLZl7Ei9YpINZrfJ8\"\r\nDate: Wed, 26 Aug 2026 07:13:24 GMT\r\nConnection: keep-alive\r\nKeep-Alive: timeout=5\r\n\r\n",
  "_keepAliveTimeout": 5000,
  "req": {
    "_events": {},
    "_eventsCount": 0,
    "destroyed": false,
    "statusCode": null,
    "statusMessage": null
  },
  "_sent100": false,
  "_expect_continue": false,
  "_maxRequestsPerSocket": 0,
  "locals": {},
  "statusCode": 400,
  "statusMessage": "Bad Request"
}
==================================================

==================================================
TIME: 2026-08-26T08:08:23.754Z
METHOD: POST
URL: /api/v1/order
STATUS: 400
MESSAGE: Unknown error

STACK:
No stack trace

ERROR:
{
  "_events": {},
  "_eventsCount": 1,
  "outputData": [],
  "outputSize": 0,
  "writable": true,
  "destroyed": false,
  "_last": false,
  "chunkedEncoding": false,
  "shouldKeepAlive": true,
  "maxRequestsOnConnectionReached": false,
  "_defaultKeepAlive": true,
  "useChunkedEncodingByDefault": true,
  "sendDate": true,
  "_removedConnection": false,
  "_removedContLen": false,
  "_removedTE": false,
  "strictContentLength": false,
  "_contentLength": 895,
  "_hasBody": true,
  "_trailer": "",
  "finished": true,
  "_headerSent": true,
  "_closed": false,
  "_header": "HTTP/1.1 400 Bad Request\r\nX-Powered-By: Express\r\nContent-Type: application/json; charset=utf-8\r\nContent-Length: 895\r\nETag: W/\"37f-Gf3trvlvHqig1x3sKOjf4aq4/rw\"\r\nDate: Wed, 26 Aug 2026 08:08:23 GMT\r\nConnection: keep-alive\r\nKeep-Alive: timeout=5\r\n\r\n",
  "_keepAliveTimeout": 5000,
  "req": {
    "_events": {},
    "_eventsCount": 0,
    "destroyed": true,
    "statusCode": null,
    "statusMessage": null
  },
  "_sent100": false,
  "_expect_continue": false,
  "_maxRequestsPerSocket": 0,
  "locals": {},
  "statusCode": 400,
  "statusMessage": "Bad Request"
}
==================================================

==================================================
TIME: 2026-08-26T08:16:29.398Z
METHOD: POST
URL: /api/v1/order
STATUS: 400
MESSAGE: Unknown error

STACK:
No stack trace

ERROR:
{
  "_events": {},
  "_eventsCount": 1,
  "outputData": [],
  "outputSize": 0,
  "writable": true,
  "destroyed": false,
  "_last": false,
  "chunkedEncoding": false,
  "shouldKeepAlive": true,
  "maxRequestsOnConnectionReached": false,
  "_defaultKeepAlive": true,
  "useChunkedEncodingByDefault": true,
  "sendDate": true,
  "_removedConnection": false,
  "_removedContLen": false,
  "_removedTE": false,
  "strictContentLength": false,
  "_contentLength": 895,
  "_hasBody": true,
  "_trailer": "",
  "finished": true,
  "_headerSent": true,
  "_closed": false,
  "_header": "HTTP/1.1 400 Bad Request\r\nX-Powered-By: Express\r\nContent-Type: application/json; charset=utf-8\r\nContent-Length: 895\r\nETag: W/\"37f-Gf3trvlvHqig1x3sKOjf4aq4/rw\"\r\nDate: Wed, 26 Aug 2026 08:16:29 GMT\r\nConnection: keep-alive\r\nKeep-Alive: timeout=5\r\n\r\n",
  "_keepAliveTimeout": 5000,
  "req": {
    "_events": {},
    "_eventsCount": 0,
    "destroyed": true,
    "statusCode": null,
    "statusMessage": null
  },
  "_sent100": false,
  "_expect_continue": false,
  "_maxRequestsPerSocket": 0,
  "locals": {},
  "statusCode": 400,
  "statusMessage": "Bad Request"
}
==================================================

==================================================
TIME: 2026-08-26T08:17:12.874Z
METHOD: POST
URL: /api/v1/order
STATUS: 400
MESSAGE: Unknown error

STACK:
No stack trace

ERROR:
{
  "_events": {},
  "_eventsCount": 1,
  "outputData": [],
  "outputSize": 0,
  "writable": true,
  "destroyed": false,
  "_last": false,
  "chunkedEncoding": false,
  "shouldKeepAlive": true,
  "maxRequestsOnConnectionReached": false,
  "_defaultKeepAlive": true,
  "useChunkedEncodingByDefault": true,
  "sendDate": true,
  "_removedConnection": false,
  "_removedContLen": false,
  "_removedTE": false,
  "strictContentLength": false,
  "_contentLength": 895,
  "_hasBody": true,
  "_trailer": "",
  "finished": true,
  "_headerSent": true,
  "_closed": false,
  "_header": "HTTP/1.1 400 Bad Request\r\nX-Powered-By: Express\r\nContent-Type: application/json; charset=utf-8\r\nContent-Length: 895\r\nETag: W/\"37f-Gf3trvlvHqig1x3sKOjf4aq4/rw\"\r\nDate: Wed, 26 Aug 2026 08:17:12 GMT\r\nConnection: keep-alive\r\nKeep-Alive: timeout=5\r\n\r\n",
  "_keepAliveTimeout": 5000,
  "req": {
    "_events": {},
    "_eventsCount": 0,
    "destroyed": true,
    "statusCode": null,
    "statusMessage": null
  },
  "_sent100": false,
  "_expect_continue": false,
  "_maxRequestsPerSocket": 0,
  "locals": {},
  "statusCode": 400,
  "statusMessage": "Bad Request"
}
==================================================

==================================================
TIME: 2026-08-26T08:17:35.513Z
METHOD: POST
URL: /api/v1/order
STATUS: 400
MESSAGE: Unknown error

STACK:
No stack trace

ERROR:
{
  "_events": {},
  "_eventsCount": 1,
  "outputData": [],
  "outputSize": 0,
  "writable": true,
  "destroyed": false,
  "_last": false,
  "chunkedEncoding": false,
  "shouldKeepAlive": true,
  "maxRequestsOnConnectionReached": false,
  "_defaultKeepAlive": true,
  "useChunkedEncodingByDefault": true,
  "sendDate": true,
  "_removedConnection": false,
  "_removedContLen": false,
  "_removedTE": false,
  "strictContentLength": false,
  "_contentLength": 895,
  "_hasBody": true,
  "_trailer": "",
  "finished": true,
  "_headerSent": true,
  "_closed": false,
  "_header": "HTTP/1.1 400 Bad Request\r\nX-Powered-By: Express\r\nContent-Type: application/json; charset=utf-8\r\nContent-Length: 895\r\nETag: W/\"37f-Gf3trvlvHqig1x3sKOjf4aq4/rw\"\r\nDate: Wed, 26 Aug 2026 08:17:35 GMT\r\nConnection: keep-alive\r\nKeep-Alive: timeout=5\r\n\r\n",
  "_keepAliveTimeout": 5000,
  "req": {
    "_events": {},
    "_eventsCount": 0,
    "destroyed": true,
    "statusCode": null,
    "statusMessage": null
  },
  "_sent100": false,
  "_expect_continue": false,
  "_maxRequestsPerSocket": 0,
  "locals": {},
  "statusCode": 400,
  "statusMessage": "Bad Request"
}
==================================================

==================================================
TIME: 2026-08-26T08:18:36.427Z
METHOD: POST
URL: /api/v1/order
STATUS: 400
MESSAGE: Unknown error

STACK:
No stack trace

ERROR:
{
  "_events": {},
  "_eventsCount": 1,
  "outputData": [],
  "outputSize": 0,
  "writable": true,
  "destroyed": false,
  "_last": false,
  "chunkedEncoding": false,
  "shouldKeepAlive": true,
  "maxRequestsOnConnectionReached": false,
  "_defaultKeepAlive": true,
  "useChunkedEncodingByDefault": true,
  "sendDate": true,
  "_removedConnection": false,
  "_removedContLen": false,
  "_removedTE": false,
  "strictContentLength": false,
  "_contentLength": 895,
  "_hasBody": true,
  "_trailer": "",
  "finished": true,
  "_headerSent": true,
  "_closed": false,
  "_header": "HTTP/1.1 400 Bad Request\r\nX-Powered-By: Express\r\nContent-Type: application/json; charset=utf-8\r\nContent-Length: 895\r\nETag: W/\"37f-Gf3trvlvHqig1x3sKOjf4aq4/rw\"\r\nDate: Wed, 26 Aug 2026 08:18:36 GMT\r\nConnection: keep-alive\r\nKeep-Alive: timeout=5\r\n\r\n",
  "_keepAliveTimeout": 5000,
  "req": {
    "_events": {},
    "_eventsCount": 0,
    "destroyed": true,
    "statusCode": null,
    "statusMessage": null
  },
  "_sent100": false,
  "_expect_continue": false,
  "_maxRequestsPerSocket": 0,
  "locals": {},
  "statusCode": 400,
  "statusMessage": "Bad Request"
}
==================================================

==================================================
TIME: 2026-08-26T11:31:31.710Z
METHOD: GET
URL: /api/v1/branches
STATUS: 401
MESSAGE: Unknown error

STACK:
No stack trace

ERROR:
{
  "_events": {},
  "_eventsCount": 1,
  "outputData": [],
  "outputSize": 0,
  "writable": true,
  "destroyed": false,
  "_last": false,
  "chunkedEncoding": false,
  "shouldKeepAlive": true,
  "maxRequestsOnConnectionReached": false,
  "_defaultKeepAlive": true,
  "useChunkedEncodingByDefault": true,
  "sendDate": true,
  "_removedConnection": false,
  "_removedContLen": false,
  "_removedTE": false,
  "strictContentLength": false,
  "_contentLength": 50,
  "_hasBody": true,
  "_trailer": "",
  "finished": true,
  "_headerSent": true,
  "_closed": false,
  "_header": "HTTP/1.1 401 Unauthorized\r\nX-Powered-By: Express\r\nContent-Type: application/json; charset=utf-8\r\nContent-Length: 50\r\nETag: W/\"32-HHf87yw4zMhkBISakmozvSX0cyA\"\r\nDate: Wed, 26 Aug 2026 11:31:31 GMT\r\nConnection: keep-alive\r\nKeep-Alive: timeout=5\r\n\r\n",
  "_keepAliveTimeout": 5000,
  "req": {
    "_events": {},
    "_eventsCount": 0,
    "destroyed": false,
    "statusCode": null,
    "statusMessage": null
  },
  "_sent100": false,
  "_expect_continue": false,
  "_maxRequestsPerSocket": 0,
  "locals": {},
  "statusCode": 401,
  "statusMessage": "Unauthorized"
}
==================================================

==================================================
TIME: 2026-08-26T11:31:42.025Z
METHOD: GET
URL: /api/v1/branches
STATUS: 401
MESSAGE: Unknown error

STACK:
No stack trace

ERROR:
{
  "_events": {},
  "_eventsCount": 1,
  "outputData": [],
  "outputSize": 0,
  "writable": true,
  "destroyed": false,
  "_last": false,
  "chunkedEncoding": false,
  "shouldKeepAlive": true,
  "maxRequestsOnConnectionReached": false,
  "_defaultKeepAlive": true,
  "useChunkedEncodingByDefault": true,
  "sendDate": true,
  "_removedConnection": false,
  "_removedContLen": false,
  "_removedTE": false,
  "strictContentLength": false,
  "_contentLength": 62,
  "_hasBody": true,
  "_trailer": "",
  "finished": true,
  "_headerSent": true,
  "_closed": false,
  "_header": "HTTP/1.1 401 Unauthorized\r\nX-Powered-By: Express\r\nContent-Type: application/json; charset=utf-8\r\nContent-Length: 62\r\nETag: W/\"3e-Bg6yxSA9KqdU8Jmk9mTaqTlN96s\"\r\nDate: Wed, 26 Aug 2026 11:31:42 GMT\r\nConnection: keep-alive\r\nKeep-Alive: timeout=5\r\n\r\n",
  "_keepAliveTimeout": 5000,
  "req": {
    "_events": {},
    "_eventsCount": 0,
    "destroyed": false,
    "statusCode": null,
    "statusMessage": null
  },
  "_sent100": false,
  "_expect_continue": false,
  "_maxRequestsPerSocket": 0,
  "locals": {},
  "statusCode": 401,
  "statusMessage": "Unauthorized"
}
==================================================

==================================================
TIME: 2026-08-26T11:32:31.450Z
METHOD: GET
URL: /api/v1/branches
STATUS: 401
MESSAGE: Unknown error

STACK:
No stack trace

ERROR:
{
  "_events": {},
  "_eventsCount": 1,
  "outputData": [],
  "outputSize": 0,
  "writable": true,
  "destroyed": false,
  "_last": false,
  "chunkedEncoding": false,
  "shouldKeepAlive": true,
  "maxRequestsOnConnectionReached": false,
  "_defaultKeepAlive": true,
  "useChunkedEncodingByDefault": true,
  "sendDate": true,
  "_removedConnection": false,
  "_removedContLen": false,
  "_removedTE": false,
  "strictContentLength": false,
  "_contentLength": 62,
  "_hasBody": true,
  "_trailer": "",
  "finished": true,
  "_headerSent": true,
  "_closed": false,
  "_header": "HTTP/1.1 401 Unauthorized\r\nX-Powered-By: Express\r\nContent-Type: application/json; charset=utf-8\r\nContent-Length: 62\r\nETag: W/\"3e-Bg6yxSA9KqdU8Jmk9mTaqTlN96s\"\r\nDate: Wed, 26 Aug 2026 11:32:31 GMT\r\nConnection: keep-alive\r\nKeep-Alive: timeout=5\r\n\r\n",
  "_keepAliveTimeout": 5000,
  "req": {
    "_events": {},
    "_eventsCount": 0,
    "destroyed": false,
    "statusCode": null,
    "statusMessage": null
  },
  "_sent100": false,
  "_expect_continue": false,
  "_maxRequestsPerSocket": 0,
  "locals": {},
  "statusCode": 401,
  "statusMessage": "Unauthorized"
}
==================================================

==================================================
TIME: 2026-08-26T11:35:44.108Z
METHOD: POST
URL: /api/v1/product
STATUS: 500
MESSAGE: Unknown error

STACK:
No stack trace

ERROR:
{
  "_events": {},
  "_eventsCount": 1,
  "outputData": [],
  "outputSize": 0,
  "writable": true,
  "destroyed": false,
  "_last": false,
  "chunkedEncoding": false,
  "shouldKeepAlive": true,
  "maxRequestsOnConnectionReached": false,
  "_defaultKeepAlive": true,
  "useChunkedEncodingByDefault": true,
  "sendDate": true,
  "_removedConnection": false,
  "_removedContLen": false,
  "_removedTE": false,
  "strictContentLength": false,
  "_contentLength": 45,
  "_hasBody": true,
  "_trailer": "",
  "finished": true,
  "_headerSent": true,
  "_closed": false,
  "_header": "HTTP/1.1 500 Internal Server Error\r\nX-Powered-By: Express\r\nContent-Type: application/json; charset=utf-8\r\nContent-Length: 45\r\nETag: W/\"2d-ZL8zPWfjZzhOckGQjtBYg5XzI/A\"\r\nDate: Wed, 26 Aug 2026 11:35:44 GMT\r\nConnection: keep-alive\r\nKeep-Alive: timeout=5\r\n\r\n",
  "_keepAliveTimeout": 5000,
  "req": {
    "_events": {},
    "_eventsCount": 4,
    "destroyed": true,
    "statusCode": null,
    "statusMessage": null
  },
  "_sent100": false,
  "_expect_continue": false,
  "_maxRequestsPerSocket": 0,
  "locals": {},
  "statusCode": 500,
  "statusMessage": "Internal Server Error"
}
==================================================

==================================================
TIME: 2026-08-26T13:49:58.533Z
METHOD: PATCH
URL: /api/v1/customer
STATUS: 500
MESSAGE: Unknown error

STACK:
No stack trace

ERROR:
{
  "_events": {},
  "_eventsCount": 1,
  "outputData": [],
  "outputSize": 0,
  "writable": true,
  "destroyed": false,
  "_last": false,
  "chunkedEncoding": false,
  "shouldKeepAlive": true,
  "maxRequestsOnConnectionReached": false,
  "_defaultKeepAlive": true,
  "useChunkedEncodingByDefault": true,
  "sendDate": true,
  "_removedConnection": false,
  "_removedContLen": false,
  "_removedTE": false,
  "strictContentLength": false,
  "_contentLength": 45,
  "_hasBody": true,
  "_trailer": "",
  "finished": true,
  "_headerSent": true,
  "_closed": false,
  "_header": "HTTP/1.1 500 Internal Server Error\r\nX-Powered-By: Express\r\nContent-Type: application/json; charset=utf-8\r\nContent-Length: 45\r\nETag: W/\"2d-ZL8zPWfjZzhOckGQjtBYg5XzI/A\"\r\nDate: Wed, 26 Aug 2026 13:49:58 GMT\r\nConnection: keep-alive\r\nKeep-Alive: timeout=5\r\n\r\n",
  "_keepAliveTimeout": 5000,
  "req": {
    "_events": {},
    "_eventsCount": 4,
    "destroyed": true,
    "statusCode": null,
    "statusMessage": null
  },
  "_sent100": false,
  "_expect_continue": false,
  "_maxRequestsPerSocket": 0,
  "locals": {},
  "statusCode": 500,
  "statusMessage": "Internal Server Error"
}
==================================================
